# Blender 4.2.0
# www.blender.org
mtllib Vespa_2.mtl
o Vespa
v 8.442700 83.404701 49.760693
v 8.442700 102.784203 41.654591
v 12.710500 103.150002 42.956291
v 12.728100 83.362305 51.254192
v 12.728100 73.598808 52.258995
v 8.442700 73.902809 50.673298
v 12.728100 60.818405 48.305298
v 8.442700 61.324303 46.608295
v 12.728000 49.578304 41.306797
v 8.442700 50.343204 39.814896
v 12.708700 44.289906 36.565197
v 8.442700 45.050705 35.610497
v 8.442700 42.096806 31.199097
v 12.693800 41.339203 31.740295
v 17.520000 41.333599 -0.128603
v 8.442700 42.132000 -0.070703
v 19.990000 39.581001 -15.563803
v 21.485600 38.344795 -31.292105
v 23.432600 42.927395 -27.304304
v 21.304899 43.817101 -16.656303
v 25.639999 53.253399 -22.405903
v 25.639999 65.652397 -23.951706
v 23.421000 66.153999 -17.918606
v 23.421000 53.337799 -16.916603
v 23.596100 73.883698 -37.958504
v 20.989500 75.047699 -22.640205
v 21.215300 53.212299 -11.506504
v 18.971600 44.665901 -5.421403
v 18.940300 74.588303 -7.460606
v 19.046000 80.637199 -22.586805
v 16.057301 81.768097 0.677394
v 23.596100 74.919991 -57.131306
v 21.452400 78.273094 -63.574207
v 21.452400 79.686203 -44.491009
v 22.721701 70.613792 -69.559311
v 20.577999 73.410995 -74.126106
v 20.270000 59.971092 -82.205505
v 18.126301 61.359692 -86.382904
v 17.658001 49.517292 -89.373596
v 15.831500 50.531292 -93.838806
v 14.410100 38.823891 -94.773003
v 12.750600 38.560192 -99.210197
v 35.734501 45.197697 -30.426104
v 35.415600 52.999096 -25.777704
v 34.592201 63.548897 -27.283405
v 33.871201 71.169701 -38.574406
v 33.153301 72.565392 -55.269005
v 31.925501 68.380493 -67.921806
v 28.817101 59.455891 -78.884407
v 25.950300 49.618492 -87.125999
v 22.997900 38.932991 -91.627800
v 8.442700 45.575500 -5.345103
v 8.442700 53.961800 -11.470203
v 21.215300 66.557899 -12.345405
v 8.442700 67.040298 -12.076805
v 8.442700 74.384300 -7.492406
v 8.442700 81.994698 2.654494
v 35.945599 38.977596 -35.399704
v 8.442700 74.040894 -74.607605
v 8.442700 78.168190 -67.250206
v 8.442700 61.989594 -86.864410
v 8.442700 51.161194 -94.320305
v 8.442700 38.753891 -99.684097
v 35.877102 45.099396 -41.435005
v 35.423401 51.854797 -37.466003
v 34.540100 59.947296 -37.382805
v 34.604698 63.794296 -43.849003
v 34.536999 64.825294 -54.382404
v 33.751099 62.016796 -63.067303
v 32.497299 56.494698 -69.826309
v 31.467600 49.330296 -74.734596
v 31.006800 39.319393 -77.796303
v 36.029400 39.638798 -45.388603
v 35.689602 46.408398 -47.588802
v 35.572800 52.025597 -44.539604
v 35.272999 56.022297 -46.217705
v 35.033699 57.637398 -49.692204
v 34.963902 58.392597 -54.679504
v 34.552601 57.140095 -58.865604
v 33.984901 54.495895 -63.234802
v 33.435600 48.635395 -66.427902
v 33.284801 39.491497 -67.709999
v 35.175301 39.650394 -53.800003
v 19.224100 35.246498 -15.487803
v 21.485600 35.006596 -29.862202
v 17.520000 35.514000 -0.744703
v 12.693800 35.832603 32.062298
v 13.894900 104.305496 48.167492
v 13.912500 84.254410 54.586891
v 13.912500 72.887711 55.071896
v 13.912500 58.592705 50.652596
v 13.912500 47.617603 43.829098
v 13.223900 40.325806 37.844296
v 17.713301 80.745300 -22.925106
v 14.628700 82.127998 -0.619506
v 8.442700 82.264999 1.649494
v 8.442700 79.209892 -66.867508
v 19.621401 79.088089 -63.812408
v 19.700800 79.763901 -44.647308
v 17.792101 83.715103 -23.050606
v 14.643600 84.430801 -0.709706
v 8.442700 83.055290 -66.453407
v 19.629801 83.181793 -63.939209
v 19.747900 83.287598 -44.806107
v 8.442700 108.449303 38.614292
v 12.629900 108.882004 40.336391
v 13.920400 110.150200 46.953293
v 4.157300 83.362305 51.254192
v 4.174900 103.150002 42.956291
v 4.157300 73.598808 52.258995
v 4.157300 60.818405 48.305298
v 4.157300 49.578304 41.306797
v 4.176600 44.289906 36.565197
v -0.634700 41.333599 -0.128603
v 4.191500 41.339203 31.740295
v -3.104700 39.581001 -15.563803
v -4.419600 43.817101 -16.656303
v -6.547300 42.927395 -27.304304
v -4.600300 38.344795 -31.292105
v -8.754700 53.253399 -22.405903
v -6.535700 53.337799 -16.916603
v -6.535700 66.153999 -17.918606
v -8.754700 65.652397 -23.951706
v -4.104200 75.047699 -22.640205
v -6.710800 73.883698 -37.958504
v -4.329900 53.212299 -11.506504
v -2.086200 44.665901 -5.421403
v -2.055000 74.588303 -7.460606
v 0.828000 81.768097 0.677394
v -2.160700 80.637199 -22.586805
v -4.567100 79.686203 -44.491009
v -4.567100 78.273094 -63.574207
v -6.710800 74.919991 -57.131306
v -3.692700 73.410995 -74.126106
v -5.836400 70.613792 -69.559311
v -1.241000 61.359692 -86.382904
v -3.384700 59.971092 -82.205505
v 1.053800 50.531292 -93.838806
v -0.772600 49.517292 -89.373596
v 4.134700 38.560192 -99.210197
v 2.475200 38.823891 -94.773003
v -18.530300 52.999096 -25.777704
v -18.849100 45.197697 -30.426104
v -17.706900 63.548897 -27.283405
v -16.985901 71.169701 -38.574406
v -16.268000 72.565392 -55.269005
v -15.040200 68.380493 -67.921806
v -11.931800 59.455891 -78.884407
v -6.112500 38.932991 -91.627800
v -9.064900 49.618492 -87.125999
v -4.329900 66.557899 -12.345405
v -19.060200 38.977596 -35.399704
v -18.538099 51.854797 -37.466003
v -18.991800 45.099396 -41.435005
v -17.654800 59.947296 -37.382805
v -17.459700 63.794296 -43.849003
v -17.409201 64.825294 -54.382404
v -16.865801 62.016796 -63.067303
v -15.611900 56.494698 -69.826309
v -14.121500 39.319393 -77.796303
v -14.582300 49.330296 -74.734596
v -19.144100 39.638798 -45.388603
v -18.687401 52.025597 -44.539604
v -18.804300 46.408398 -47.588802
v -18.387699 56.022297 -46.217705
v -18.148399 57.637398 -49.692204
v -18.078600 58.392597 -54.679504
v -17.667200 57.140095 -58.865604
v -17.099600 54.495895 -63.234802
v -16.399401 39.491497 -67.709999
v -16.550200 48.635395 -66.427902
v -18.290001 39.650394 -53.800003
v -4.600300 35.006596 -29.862202
v -2.338800 35.246498 -15.487803
v -0.634700 35.514000 -0.744703
v 4.191500 35.832603 32.062298
v 2.972800 84.254410 54.586891
v 2.990400 104.308998 48.367592
v 2.972800 72.887711 55.071896
v 2.972800 58.592705 50.652596
v 2.972800 47.617603 43.829098
v 3.661400 40.325806 37.844296
v 2.256600 82.127998 -0.619506
v -0.828000 80.745300 -22.925106
v -2.736000 79.088089 -63.812408
v -2.815500 79.763901 -44.647308
v 2.241800 84.430801 -0.709706
v -0.906700 83.715103 -23.050606
v -2.744500 83.181793 -63.939209
v -2.862600 83.287598 -44.806107
v 4.255400 108.884399 40.473392
v 2.965000 110.150200 46.953293
v 8.442700 84.535896 1.609694
v -3.831200 92.729996 -64.975204
v -3.831200 91.413391 -52.755409
v -2.509600 94.138794 -53.345707
v -1.839500 96.192093 -65.271606
v -3.005500 90.981400 -36.512608
v -0.914400 91.220200 -16.960108
v 0.073700 93.080299 -17.017807
v -2.250000 92.955498 -36.501808
v -3.831200 83.462692 -52.073509
v -3.005500 83.737000 -36.430908
v 1.533400 84.413101 -0.912606
v 1.533300 92.088303 0.069993
v -0.914400 84.081100 -16.801006
v 2.259900 96.752701 -36.598209
v 2.304700 97.195595 -53.383606
v 3.304400 94.987801 -0.555107
v 5.358500 96.084801 0.955493
v 3.762800 96.096397 -16.915808
v 2.138100 97.874390 -66.790611
v 2.138100 93.331696 -67.836708
v 2.138100 83.204590 -66.794411
v -3.831200 83.260490 -63.607609
v 5.358500 92.348999 2.114293
v 8.442700 98.161697 -36.652706
v 8.442700 98.087891 -53.383606
v 8.442700 96.491699 1.696493
v 8.442700 96.757599 -16.806707
v 8.442700 98.999695 -68.174904
v 8.442700 94.065392 -68.825607
v 8.442700 84.470497 2.510793
v 8.442700 92.389801 2.447393
v 5.358500 84.465698 2.038994
v 8.442700 83.182396 -68.061005
v 20.716600 92.729996 -64.975204
v 18.724800 96.192093 -65.271606
v 19.394899 94.138794 -53.345707
v 20.716600 91.413391 -52.755409
v 19.890800 90.981400 -36.512608
v 19.135401 92.955498 -36.501808
v 16.811600 93.080299 -17.017807
v 17.799700 91.220200 -16.960108
v 20.716600 83.462692 -52.073509
v 19.890800 83.737000 -36.430908
v 15.352000 84.413101 -0.912606
v 17.799700 84.081100 -16.801006
v 15.352000 92.088303 0.069993
v 14.580600 97.195595 -53.383606
v 14.625400 96.752701 -36.598209
v 13.580900 94.987801 -0.555107
v 13.122600 96.096397 -16.915808
v 11.526800 96.084801 0.955493
v 14.685800 97.872490 -66.901505
v 20.716600 83.260490 -63.607609
v 14.685800 83.207596 -66.626106
v 14.685800 93.334595 -67.668510
v 11.526800 92.348999 2.114293
v 11.526800 84.465698 2.038994
v -1.810200 83.285690 -62.214108
v -1.810200 83.478592 -51.212208
v -1.120500 83.740196 -36.291409
v 0.626300 84.068497 -17.567406
v 2.671000 84.385201 -2.412006
v 8.442500 83.211189 -66.462105
v 2.428800 83.232391 -65.253807
v 5.500600 84.435303 0.403294
v 8.442500 84.439796 0.853394
v 18.005400 83.740196 -36.291508
v 18.695200 83.478592 -51.212208
v 14.214000 84.385201 -2.412006
v 16.258699 84.068497 -17.567406
v 18.695200 83.285690 -62.214108
v 14.397500 83.235191 -65.093407
v 11.384300 84.435303 0.403294
v 21.620899 84.830505 55.134991
v 34.067101 84.859711 56.805191
v 34.067101 73.140907 57.306595
v 21.620899 72.998505 55.788795
v 34.049999 58.596203 52.556194
v 21.620899 58.620903 50.486397
v 34.049999 47.788303 47.515297
v 21.620899 47.527504 43.913296
v 34.049999 40.328304 41.454796
v 21.620899 40.741703 38.530495
v 21.620899 35.887905 32.433098
v 34.049999 35.910805 34.510296
v 34.051498 35.183601 -17.616302
v 21.620899 34.827496 -29.864202
v 21.283100 99.040710 50.542091
v 21.447001 110.527702 45.708794
v 30.026899 107.205200 47.485691
v 34.070702 99.312408 50.818291
v -4.735600 84.830505 55.134991
v -4.735600 72.998505 55.788795
v -17.181801 73.140907 57.306595
v -17.181801 84.859711 56.805191
v -4.735600 58.620903 50.486397
v -17.164700 58.596203 52.556194
v -4.735600 47.527504 43.913296
v -17.164700 47.788303 47.515297
v -4.735600 40.741703 38.530598
v -17.164700 40.328304 41.454796
v -4.735600 35.887905 32.433098
v -4.735600 34.827396 -29.864202
v -17.166100 35.183601 -17.616302
v -17.164700 35.910805 34.510296
v -4.397800 99.040710 50.542091
v -17.185400 99.312408 50.818291
v -13.141500 107.205200 47.485691
v -4.561700 110.913101 45.456993
v 8.442700 99.821510 54.743492
v 21.780001 99.857704 53.857693
v 21.950300 111.691002 47.222492
v 8.442700 112.199501 47.948494
v 22.130899 85.135208 60.775894
v 22.130899 72.845406 61.454998
v 35.058800 72.918106 58.746696
v 35.058800 85.091110 58.261993
v 22.130899 57.911304 55.947395
v 35.041000 58.308304 53.857494
v 22.130899 46.388603 49.119896
v 35.041000 47.105705 48.412098
v 22.130899 39.041203 43.482494
v 35.041000 39.312405 42.152195
v 22.130899 33.789005 37.204296
v 22.130899 32.536297 -29.824001
v 35.042500 32.897900 -17.576202
v 35.041000 33.743904 35.432495
v 8.442700 85.225105 61.990593
v 35.062500 100.103111 52.043293
v 30.862200 108.305199 48.798691
v 8.442700 72.882210 62.672695
v 8.442700 57.939903 57.573597
v 8.442700 45.946404 50.190598
v 8.442700 38.783802 44.646698
v 8.442700 33.662704 38.434895
v 8.442700 32.388496 -29.821402
v -5.064900 111.691002 47.222492
v -4.894700 99.857704 53.857693
v -5.245600 85.135208 60.775894
v -18.173401 85.091110 58.261993
v -18.173401 72.918106 58.746696
v -5.245600 72.845406 61.454998
v -18.155701 58.308304 53.857494
v -5.245600 57.911304 55.947395
v -18.155701 47.105705 48.412098
v -5.245600 46.388603 49.119896
v -18.155701 39.312405 42.152195
v -5.245600 39.041203 43.482494
v -5.245600 33.789005 37.204296
v -18.155701 33.743904 35.432495
v -18.157200 32.897900 -17.576202
v -5.245600 32.536297 -29.824001
v -13.976900 108.305199 48.798691
v -18.177200 100.103111 52.043293
v 12.297700 99.028603 49.853992
v 8.015400 111.502602 46.280094
v 12.635600 84.814407 54.222393
v 12.635600 72.982506 54.876198
v 12.635600 58.604904 49.573795
v 12.635600 47.511505 43.000595
v 12.635600 40.725704 37.617897
v 3.733100 99.028603 49.853992
v 3.395300 84.814407 54.222393
v 3.395300 72.982506 54.876198
v 3.395300 58.604904 49.573795
v 3.395300 47.511505 43.000595
v 3.721800 40.725704 37.617897
v 4.154900 36.025303 31.517797
v 12.635600 35.871902 31.520498
v 20.826599 34.795696 -29.863401
v -4.004500 34.795696 -29.863401
v 8.442700 97.251007 58.972492
v 10.934700 97.121307 58.073994
v 9.909000 108.856308 51.334694
v 8.442700 108.872910 51.837093
v 11.648200 84.616310 64.539291
v 14.956200 85.014809 61.405491
v 14.061800 96.867409 55.727291
v 12.196200 78.840408 67.992195
v 15.516800 77.387108 64.903893
v 15.881800 72.272804 67.630295
v 16.267200 67.367210 59.891697
v 15.832100 72.557106 61.847797
v 15.262800 80.129608 61.506294
v 8.442700 69.667610 72.626396
v 11.303900 69.293106 71.708389
v 11.351200 72.349510 70.712891
v 8.442700 71.358810 71.804390
v 13.049100 108.767998 49.394993
v 8.442700 85.019409 65.539696
v 8.442700 80.778511 68.285690
v 12.530600 75.194809 69.416092
v 16.175800 68.226410 69.362389
v 11.922300 76.132309 70.838989
v 11.249000 73.795807 71.768593
v 8.442700 80.783607 70.131790
v 11.587800 79.241905 70.127594
v 16.175800 63.418205 58.261395
v 10.462000 78.839211 71.239494
v 11.069800 76.740509 71.671394
v 8.442700 79.756607 71.383690
v 10.262100 74.919411 72.431694
v 8.442700 73.070610 72.628090
v 8.442700 74.664909 72.951996
v 6.976400 108.856308 51.334694
v 5.950700 97.121307 58.073994
v 2.823500 96.867409 55.727291
v 1.929100 85.014809 61.405491
v 5.237100 84.616310 64.539291
v 1.368500 77.387108 64.903893
v 4.689100 78.840408 67.992195
v 1.003500 72.272804 67.630295
v 1.053200 72.557106 61.847797
v 0.618100 67.367210 59.891697
v 1.622500 80.129608 61.506294
v 5.534100 72.349510 70.712891
v 5.581400 69.293106 71.708389
v 3.836200 108.767998 49.394993
v 4.354800 75.194809 69.416092
v 0.709500 68.226410 69.362389
v 5.636300 73.795807 71.768593
v 4.963000 76.132309 70.838989
v 5.297500 79.241905 70.127594
v 0.709500 63.418205 58.261395
v 5.815600 76.740509 71.671394
v 6.423300 78.839211 71.239494
v 6.473800 74.928604 72.428192
v 8.442700 77.162308 72.727592
v 8.442700 63.319504 59.662098
v 8.442700 68.104309 69.421989
v 8.442700 108.767998 49.394993
v 37.489399 50.306908 91.288803
v 32.584099 60.477306 84.103989
v 25.582701 62.057407 88.979393
v 31.395599 50.485909 97.485199
v 24.041401 65.468208 72.646095
v 17.931101 66.542305 77.971390
v 15.800000 62.253803 60.098797
v 8.705300 63.463604 64.847595
v 9.331800 48.115005 51.107796
v 2.002900 49.237602 55.523396
v 5.325000 33.861004 45.634495
v -2.458600 34.102505 49.416195
v 35.763100 50.408806 86.041000
v 32.460098 57.654308 81.196091
v 25.779900 61.800602 71.581696
v 17.878201 58.003605 60.361694
v 12.896600 47.127403 53.436897
v 9.037000 34.021305 48.153595
v 32.664902 50.647808 81.611496
v 28.722200 51.012108 75.973495
v 24.720400 49.681305 70.280800
v 20.822001 46.001503 64.777000
v 16.855600 39.608105 59.223495
v 13.165700 35.820904 54.019295
v 23.486601 50.478706 101.092102
v 18.581301 60.649208 93.907295
v 10.820100 65.630508 81.902290
v 1.797200 62.425705 69.902191
v -4.671000 48.286903 60.911095
v -8.677800 34.032803 55.437798
v 15.845200 57.858208 92.828194
v 19.148199 50.612709 97.673096
v 9.165000 62.004509 83.213692
v 1.263300 58.207603 71.993790
v -3.718300 47.331303 65.068901
v -7.577900 34.225204 59.785698
v 12.107300 51.216007 87.605591
v 16.049999 50.851807 93.243591
v 8.105500 49.885208 81.912903
v 4.207100 46.205406 76.408997
v 0.240700 39.812004 70.855499
v -3.449200 36.024902 65.651398
v 35.216999 28.322208 93.488403
v 34.159599 37.342506 91.873497
v 33.162998 38.091106 94.622398
v 34.275101 28.372908 96.381302
v 31.220100 44.937706 87.541702
v 29.996000 46.274109 89.955299
v 26.846001 49.951309 81.152397
v 25.256201 51.676109 83.090393
v 21.656700 51.620705 73.710892
v 19.665300 53.474705 75.072990
v 16.467400 49.691505 66.332497
v 14.074300 51.396202 67.123489
v 12.068100 44.457302 60.140495
v 9.334600 45.756805 60.452198
v 9.128600 36.715004 56.077496
v 6.167600 37.415302 56.074795
v 8.096400 27.643204 54.762196
v 5.055500 27.641403 54.657696
v 9.128600 18.623203 56.394699
v 6.167600 17.923204 56.416500
v 12.068100 11.028105 60.726501
v 9.334600 9.740205 61.083698
v 16.467400 6.014105 67.098198
v 14.074300 4.338205 67.948502
v 21.656700 4.344706 74.539703
v 19.665300 2.539606 75.966003
v 26.846001 6.274006 81.918098
v 25.256201 4.618206 83.915497
v 31.245300 11.508206 88.110100
v 29.996000 10.257506 90.586700
v 34.184799 19.250507 92.173103
v 33.162998 18.599108 94.964203
v 28.009100 38.154408 98.230698
v 29.121201 28.436207 99.989502
v 24.842100 46.337406 93.563499
v 20.102301 51.739407 86.698692
v 14.511400 53.538006 78.681190
v 8.920400 51.459404 70.731689
v 4.180700 45.820103 64.060501
v 1.013600 37.478504 59.683098
v -0.098500 27.704704 58.265896
v 1.013600 17.986504 60.024799
v 4.180700 9.803505 64.691902
v 8.920400 4.401505 71.556801
v 14.511400 2.602906 79.574203
v 20.102301 4.681406 87.523697
v 24.842100 10.320807 94.195000
v 28.009100 18.662308 98.572403
v 25.051600 37.454308 98.250000
v 26.083799 28.434307 99.882500
v 22.112101 45.049507 93.918198
v 17.712799 50.063408 87.546501
v 12.523500 51.732807 80.104996
v 7.334200 49.803604 72.726601
v 2.935000 44.569405 66.534599
v -0.004500 36.827103 62.471596
v -1.036800 27.755404 61.156296
v -0.004500 18.735304 62.788799
v 2.935000 11.140204 67.120697
v 7.334200 6.126306 73.492401
v 12.523500 4.456806 80.933899
v 17.712799 6.386106 88.312302
v 22.112101 11.620307 94.504303
v 25.051600 19.362608 98.567200
v 33.902000 28.270508 90.540802
v 32.983002 36.081707 89.144699
v 30.437500 42.658707 85.393600
v 26.653200 47.000309 79.858398
v 22.159500 48.445904 73.414398
v 17.665800 46.775303 67.025101
v 13.856300 42.242702 61.663097
v 11.310800 35.538204 58.144794
v 10.416900 27.682604 57.005795
v 11.310800 19.871704 58.419498
v 13.856200 13.294704 62.170601
v 17.665800 8.952805 67.688202
v 22.159500 7.507205 74.132202
v 26.653200 9.177906 80.521500
v 30.462700 13.710406 85.883499
v 33.008202 20.414907 89.401802
v 22.910801 36.205406 96.196297
v 23.804600 28.394508 97.610001
v 20.365299 42.782406 92.445099
v 16.555799 47.124207 86.927597
v 12.062100 48.569809 80.483597
v 7.568400 46.899204 74.094299
v 3.758900 42.366604 68.732300
v 1.213400 35.662205 65.213997
v 0.319600 27.806505 64.074997
v 1.213400 19.995605 65.488701
v 3.758900 13.418605 69.239799
v 7.568400 9.076806 74.757401
v 12.062100 7.631106 81.201401
v 16.555799 9.301806 87.590698
v 20.365299 13.834407 92.952698
v 22.910801 20.538807 96.471001
v 31.752600 28.235508 88.541496
v 30.984100 34.951008 87.325996
v 28.795601 40.605709 84.100899
v 25.520201 44.338707 79.357101
v 21.656700 45.581604 73.816704
v 17.793200 44.145306 68.323402
v 14.517900 40.248302 63.713295
v 12.329300 34.484005 60.688396
v 11.560800 27.730003 59.709095
v 12.329300 21.014404 60.924599
v 14.517900 15.359705 64.149696
v 17.793200 11.626705 68.893501
v 21.656700 10.383805 74.433800
v 25.520201 11.820206 79.927200
v 28.795601 15.717107 84.537201
v 30.984100 21.481405 87.562202
v 21.850901 35.063107 93.720200
v 22.619400 28.347609 94.935600
v 19.662399 40.717808 90.495003
v 16.386999 44.450809 85.751198
v 12.523500 45.693707 80.210899
v 8.660000 44.257404 74.717499
v 5.384700 40.360405 70.107498
v 3.196200 34.596104 67.082497
v 2.427700 27.842106 66.103302
v 3.196200 21.126505 67.318703
v 5.384700 15.471806 70.543800
v 8.660000 11.738806 75.287697
v 12.523500 10.495906 80.828003
v 16.386999 11.932306 86.321297
v 19.662399 15.829206 90.931396
v 21.850901 21.593508 93.956299
v 24.846001 34.467808 90.067200
v 25.553900 28.281807 91.186798
v 22.830099 39.676609 87.096497
v 19.813000 43.115108 82.726700
v 16.254200 44.260006 77.623398
v 12.695400 42.936905 72.563202
v 9.678400 39.347305 68.316704
v 7.662400 34.037605 65.530403
v 6.954600 27.816206 64.628304
v 7.662500 21.630306 65.747902
v 9.678400 16.421505 68.718697
v 12.695400 12.982905 73.088402
v 16.254200 11.838106 78.191803
v 19.813000 13.161107 83.251900
v 22.830099 16.750805 87.498398
v 24.846001 22.060507 90.284798
v 29.754101 28.230307 88.246300
v 29.046200 34.416206 87.126701
v 27.030300 39.625008 84.155899
v 24.013300 43.063606 79.786201
v 20.454399 44.208504 74.682800
v 16.895599 42.885403 69.622704
v 13.878600 39.295704 65.376198
v 11.862700 33.986103 62.589798
v 11.154800 27.764704 61.687695
v 11.862700 21.578703 62.807301
v 13.878600 16.370007 65.778099
v 16.895599 12.931406 70.147797
v 20.454399 11.786506 75.251198
v 24.013300 13.109606 80.311302
v 27.030300 16.699205 84.557800
v 29.046200 22.008905 87.344200
v 27.953800 28.186405 85.740196
v 27.380699 33.195007 84.833702
v 25.748400 37.412407 82.428299
v 23.305599 40.196609 78.890297
v 20.424101 41.123604 74.758102
v 17.542500 40.052303 70.661102
v 15.099700 37.145905 67.222702
v 13.467500 32.846703 64.966698
v 12.894300 27.809406 64.236298
v 13.467500 22.800705 65.142799
v 15.099700 18.583305 67.548203
v 17.542500 15.799106 71.086304
v 20.424101 14.872106 75.218399
v 23.305599 15.943406 79.315498
v 25.748400 18.849905 82.753799
v 27.380699 23.149006 85.009903
v 28.518499 28.171505 84.892998
v 27.961500 33.038906 84.012001
v 26.375299 37.137409 81.674500
v 24.001301 39.843006 78.236198
v 21.201099 40.743805 74.220596
v 18.400801 39.702805 70.239098
v 16.026899 36.878304 66.897797
v 14.440700 32.700405 64.705299
v 13.883700 27.805105 63.995598
v 14.440700 22.937805 64.876503
v 16.026899 18.839306 67.214104
v 18.400801 16.133705 70.652298
v 21.201099 15.232805 74.667900
v 24.001301 16.273905 78.649399
v 26.375299 19.098406 81.990799
v 27.961500 23.276205 84.183197
v 25.588499 28.062006 78.650002
v 25.328100 30.336805 78.238297
v 24.586800 32.252209 77.145897
v 23.477400 33.516705 75.539001
v 22.168699 33.937702 73.662300
v 20.860001 33.451103 71.801598
v 19.750601 32.131104 70.239998
v 19.009300 30.178606 69.215401
v 18.749001 27.890806 68.883698
v 19.009300 25.616106 69.295403
v 19.750601 23.700706 70.387802
v 20.860001 22.436205 71.994698
v 22.168699 22.015205 73.871300
v 23.477400 22.501705 75.732101
v 24.586800 23.821705 77.293701
v 25.328100 25.774305 78.318298
v 19.694901 27.914005 70.203499
v 20.836599 27.942505 71.833702
v 22.183300 27.976305 73.756699
v 23.529900 28.010006 75.679604
v 24.671600 28.038607 77.309799
v 23.226900 33.258209 87.775803
v 23.801399 28.238008 88.684402
v 21.590900 37.485409 85.364899
v 19.142401 40.276009 81.818604
v 16.254200 41.205208 77.676903
v 13.366000 40.131405 73.570297
v 10.917500 37.218204 70.124100
v 9.281500 32.909103 67.862801
v 8.707000 27.860106 67.130699
v 9.281500 22.839905 68.039299
v 10.917500 18.612705 70.450302
v 13.366000 15.822105 73.996498
v 16.254200 14.892906 78.138199
v 19.142401 15.966706 82.244797
v 21.590900 18.879906 85.691101
v 23.226900 23.189005 87.952400
v 20.868500 33.287209 89.427002
v 21.442900 28.266907 90.335602
v 19.232401 37.514408 87.015999
v 16.783899 40.305008 83.469803
v 13.895700 41.234108 79.328102
v 11.007600 40.160305 75.221497
v 8.559100 37.247204 71.775200
v 6.923000 32.938103 69.513901
v 6.348500 27.889006 68.781898
v 6.923000 22.868805 69.690498
v 8.559100 18.641605 72.101402
v 11.007600 15.851006 75.647697
v 13.895700 14.921906 79.789398
v 16.783899 15.995606 83.896004
v 19.232401 18.908806 87.342201
v 20.868500 23.217907 89.603500
v 18.537100 28.220106 87.665901
v 15.764300 28.162806 84.396698
v 12.557100 28.094406 80.496002
v 9.987900 28.018206 76.148499
v 7.863800 27.952906 72.425102
v 12.573800 29.014805 84.812103
v 12.951200 27.405205 85.379303
v 17.277800 37.710106 91.378700
v 15.650400 38.072109 89.047699
v 13.931400 27.063107 86.785400
v 17.788000 34.998909 92.154900
v 17.313400 38.051708 87.883400
v 14.236900 28.994406 83.647797
v 19.451000 34.978508 90.990601
v 18.940901 37.689709 90.214401
v 15.594400 27.042706 85.621101
v 14.614200 27.384806 84.214996
v 19.047800 34.875008 91.060997
v 19.606800 34.593307 89.986397
v 13.573200 52.116409 84.150192
v 13.014200 52.398109 85.224693
v 18.960400 34.051708 89.072502
v 12.926700 51.574806 83.236290
v 17.754900 33.791706 89.233200
v 11.721300 51.314808 83.396996
v 17.195999 34.073307 90.307800
v 11.162300 51.596409 84.471489
v 17.842400 34.615009 91.221703
v 11.808800 52.138107 85.385391
v 15.474000 31.264105 86.122101
v 16.012100 30.992907 85.087502
v 13.902000 36.919609 83.178802
v 13.363900 37.190708 84.213303
v 15.389700 30.471506 84.207703
v 13.279700 36.398109 82.299004
v 14.229200 30.221106 84.362396
v 12.119200 36.147808 82.453697
v 13.691100 30.492306 85.396896
v 11.581000 36.419006 83.488197
v 14.313500 31.013805 86.276802
v 12.203400 36.940407 84.367996
v 14.723200 37.409309 82.939903
v 13.767400 37.891006 84.777397
v 13.617800 36.483109 81.377197
v 11.556500 36.038509 81.651901
v 10.600700 36.520107 83.489403
v 11.706100 37.446407 85.052101
v 10.782500 49.546909 78.875900
v 9.826700 50.028507 80.713303
v 9.677100 48.620609 77.313103
v 7.615800 48.176006 77.587898
v 6.660000 48.657707 79.425400
v 7.765400 49.583908 80.988098
v 17.349800 25.855206 86.015297
v 17.803699 28.819805 86.611702
v 16.270201 28.838606 87.685303
v 15.816300 25.874006 87.088898
v 16.563499 30.950706 84.802902
v 15.030000 30.969505 85.876503
v 14.869300 30.116905 82.397598
v 13.335800 30.135706 83.471199
v 14.415400 27.152306 81.801201
v 12.881900 27.171106 82.874802
v 15.655600 25.021406 83.610001
v 14.122100 25.040306 84.683601
v 13.963500 31.730406 81.753799
v 12.749400 32.267109 80.010300
v 11.650500 32.280609 80.779602
v 12.864600 31.743906 82.523201
v 11.860700 30.695606 78.768303
v 10.761800 30.709005 79.537697
v 12.186000 28.587406 79.269997
v 11.087100 28.600906 80.039299
v 13.400100 28.050705 81.013496
v 12.301100 28.064205 81.782898
v 14.288800 29.622206 82.255402
v 13.189900 29.635706 83.024803
v 18.133301 34.989807 91.355904
v 17.699800 33.909107 90.919296
v 23.156601 33.850407 87.351501
v 23.513300 34.936108 87.841904
v 16.986500 33.891209 89.900703
v 22.443399 33.832508 86.333000
v 16.706800 34.954006 89.318802
v 22.086700 34.900406 85.804901
v 17.140301 36.034706 89.755501
v 22.443399 35.986107 86.295303
v 17.853600 36.052608 90.774002
v 23.156601 36.004009 87.313797
v 14.058600 51.036903 72.711990
v 15.132200 50.676903 70.502396
v 12.154400 69.129410 65.925591
v 11.080900 69.489510 68.135094
v 13.756600 49.999905 68.549500
v 10.778900 68.452408 63.972595
v 11.307500 49.683105 68.806099
v 8.329800 68.135605 64.229294
v 10.234000 50.043205 71.015701
v 7.256200 68.495705 66.438789
v 11.609500 50.720104 72.968590
v 8.631800 69.172607 68.391792
v 23.420200 26.012098 -25.553701
v 26.452700 26.210598 -30.636902
v 25.031500 29.605999 -30.511002
v 23.420200 28.535099 -26.776802
v 23.420200 23.447699 -26.687601
v 25.031500 23.375498 -30.148102
v 27.141701 25.278896 -44.114704
v 24.635300 30.961096 -45.599606
v 25.569201 18.731096 -42.654999
v 19.706900 28.908798 -25.938501
v 19.177999 25.995197 -24.526102
v 18.889799 31.498796 -48.585705
v 19.073500 30.145498 -30.250801
v 19.177999 23.033897 -25.835503
v 17.427000 22.950499 -29.831701
v 16.643101 18.165297 -44.330399
v 22.902300 29.118498 -37.388702
v 22.295401 28.428797 -38.181904
v 23.943501 43.548298 -50.730503
v 24.550400 44.237995 -49.937305
v 21.081699 28.428797 -38.181904
v 22.729799 43.548298 -50.730503
v 20.474899 29.118498 -37.388702
v 22.122999 44.237995 -49.937305
v 21.778601 29.808098 -36.595505
v 22.729799 44.927597 -49.144104
v 22.992300 29.808098 -36.595505
v 23.943501 44.927597 -49.144104
v 23.088200 17.121897 -61.303501
v 24.509399 21.092796 -60.207401
v 23.088200 24.204096 -61.504200
v 17.485300 17.393396 -62.358700
v 18.745899 24.682196 -62.574799
v 21.826300 18.304394 -74.398903
v 22.332199 19.499195 -73.548798
v 21.826300 20.697794 -73.603798
v 19.831800 18.224194 -74.821899
v 19.831800 20.988094 -73.903702
v 21.826300 21.317795 -83.186401
v 22.332199 22.251894 -82.056000
v 21.826300 23.423895 -81.798897
v 19.831800 21.349794 -83.615700
v 19.831800 23.781895 -82.013397
v 21.826300 27.089792 -89.753998
v 22.332199 28.023891 -88.623596
v 21.826300 29.195894 -88.366501
v 19.831800 27.121792 -90.183296
v 19.831800 29.553892 -88.581001
v 15.909600 26.547998 -30.041203
v 15.179000 24.244997 -45.352798
v 15.967900 21.037796 -62.466801
v 18.294500 19.606094 -74.362801
v 18.274599 28.337791 -89.382202
v 18.274599 22.565895 -82.814598
v 16.237400 24.915995 -64.853600
v 16.237400 26.964794 -66.084801
v 14.402000 26.964794 -66.084801
v 14.402000 24.915995 -64.853600
v 16.237400 26.922894 -68.474701
v 14.402000 26.922894 -68.474701
v 16.237400 24.832193 -69.633400
v 14.402000 24.832193 -69.633400
v 16.237400 22.783394 -68.402199
v 14.402000 22.783394 -68.402199
v 16.237400 22.825294 -66.012299
v 14.402000 22.825294 -66.012299
v 19.490900 24.556496 -49.724998
v 19.492399 31.128197 -49.834503
v 21.379299 37.979496 -30.198704
v 21.176701 33.264297 -30.066101
v 18.533100 31.132696 -49.577503
v 19.949699 37.986195 -29.815704
v 19.747101 33.270996 -29.683102
v 18.531601 24.560997 -49.467999
v 13.977700 25.915796 -43.767105
v 13.947000 34.930096 -45.725002
v 11.546600 35.659897 -44.047005
v 11.546600 25.947897 -41.937504
v 13.947000 42.508995 -50.983505
v 11.546600 43.825397 -49.712505
v 13.977700 47.498596 -58.742104
v 11.546600 49.201195 -58.071606
v 13.977700 49.139397 -67.819504
v 11.546600 50.968998 -67.851608
v 13.977700 47.181492 -76.833801
v 11.546600 48.859493 -77.563599
v 13.977700 41.922894 -84.412697
v 11.546600 43.193993 -85.729103
v 13.977700 34.164391 -89.402298
v 11.546600 34.834892 -91.104897
v 13.977700 25.086992 -91.043098
v 11.546600 25.054892 -92.872704
v 13.977700 16.072693 -89.085197
v 11.546600 15.342894 -90.763199
v 13.977700 8.493793 -83.826599
v 11.546600 7.177394 -85.097702
v 13.977700 3.504094 -76.068100
v 11.546600 1.801594 -76.738602
v 13.977700 1.863395 -66.990700
v 11.546600 0.033795 -66.958603
v 13.977700 3.821296 -57.976299
v 11.546600 2.143296 -57.246498
v 13.977700 9.079896 -50.397400
v 11.546600 7.808796 -49.081100
v 13.977700 16.838396 -45.407799
v 11.546600 16.167896 -43.705200
v 5.254900 35.659897 -44.047005
v 5.254900 25.947897 -41.937504
v 5.254900 43.825397 -49.712505
v 5.254900 49.201195 -58.071606
v 5.254900 50.968998 -67.851608
v 5.254900 48.859493 -77.563599
v 5.254900 43.193993 -85.729103
v 5.254900 34.834892 -91.104897
v 5.254900 25.054892 -92.872704
v 5.254900 15.342894 -90.763199
v 5.254900 7.177394 -85.097702
v 5.254900 1.801594 -76.738602
v 5.254900 0.033795 -66.958603
v 5.254900 2.143296 -57.246498
v 5.254900 7.808796 -49.081100
v 5.254900 16.167896 -43.705200
v 2.828100 34.930096 -45.725002
v 2.828100 25.915796 -43.767105
v 2.828100 42.508995 -50.983505
v 2.828100 47.498596 -58.742104
v 2.828100 49.139397 -67.819504
v 2.828100 47.181492 -76.833801
v 2.828100 41.922894 -84.412697
v 2.828100 34.164391 -89.402298
v 2.828100 25.086992 -91.043098
v 2.828100 16.072592 -89.085197
v 2.828200 8.493793 -83.826599
v 2.828100 3.504094 -76.068100
v 2.828100 1.863395 -66.990700
v 2.828100 3.821296 -57.976299
v 2.828100 9.079896 -50.397400
v 2.828100 16.838396 -45.407799
v 14.591500 25.860296 -46.935703
v 14.560700 33.666195 -48.631203
v 14.560700 40.229195 -53.184803
v 14.591500 44.549896 -59.903404
v 14.591500 45.970695 -67.764000
v 14.591500 44.275295 -75.569901
v 14.591500 39.721592 -82.132896
v 14.591500 33.003094 -86.453598
v 14.591500 25.142494 -87.874397
v 14.591500 17.336594 -86.179001
v 14.591500 10.773594 -81.625397
v 14.591500 6.452894 -74.906799
v 14.591500 5.032095 -67.046204
v 14.591500 6.727496 -59.240200
v 14.591500 11.281197 -52.677299
v 14.591500 17.999697 -48.356499
v 2.264800 33.666195 -48.631203
v 2.264800 25.860296 -46.935703
v 2.264800 40.229195 -53.184803
v 2.264800 44.549896 -59.903404
v 2.264800 45.970695 -67.764000
v 2.264800 44.275295 -75.569901
v 2.264800 39.721592 -82.132896
v 2.264800 33.003094 -86.453598
v 2.264800 25.142494 -87.874397
v 2.264800 17.336594 -86.179001
v 2.264800 10.773594 -81.625397
v 2.264800 6.452894 -74.906799
v 2.264800 5.032095 -67.046204
v 2.264800 6.727496 -59.240200
v 2.264800 11.281197 -52.677299
v 2.264800 17.999697 -48.356499
v 13.977700 25.809896 -49.806202
v 13.977700 32.521297 -51.263905
v 13.977700 38.163895 -55.179005
v 13.977700 41.878696 -60.955303
v 13.977700 43.100296 -67.713600
v 13.977700 41.642597 -74.424896
v 13.977700 37.727493 -80.067596
v 13.977700 31.951094 -83.782402
v 13.977700 25.192795 -85.003998
v 13.977700 18.481495 -83.546303
v 13.977700 12.838894 -79.631203
v 13.977700 9.124094 -73.854797
v 13.977700 7.902495 -67.096497
v 13.977700 9.360195 -60.385201
v 13.977700 13.275296 -54.742599
v 13.977700 19.051697 -51.027699
v 2.828100 32.521297 -51.263905
v 2.828100 25.809896 -49.806202
v 2.828100 38.163895 -55.179005
v 2.828100 41.878696 -60.955303
v 2.828100 43.100296 -67.713600
v 2.828100 41.642597 -74.424896
v 2.828100 37.727493 -80.067596
v 2.828100 31.951094 -83.782402
v 2.828200 25.192795 -85.003998
v 2.828200 18.481495 -83.546303
v 2.828200 12.838894 -79.631203
v 2.828100 9.124094 -73.854797
v 2.828200 7.902495 -67.096497
v 2.828100 9.360195 -60.385201
v 2.828100 13.275296 -54.742599
v 2.828100 19.051697 -51.027699
v 7.382500 31.967596 -52.536903
v 7.382500 25.785597 -51.194103
v 7.382500 37.165295 -56.143204
v 7.382500 40.587097 -61.464005
v 7.382500 41.712395 -67.689301
v 7.382500 40.369595 -73.871300
v 7.382500 36.763294 -79.069000
v 7.382500 31.442493 -82.490799
v 7.382500 25.217194 -83.616096
v 7.382500 19.035095 -82.273300
v 7.382500 13.837494 -78.667000
v 7.382500 10.415594 -73.346199
v 7.382500 9.290395 -67.120903
v 7.382500 10.633195 -60.938801
v 7.382500 14.239496 -55.741199
v 7.382500 19.560297 -52.319302
v 12.510000 25.785597 -51.194103
v 12.510000 31.967596 -52.536903
v 12.510000 37.165295 -56.143204
v 12.510000 40.587097 -61.464005
v 12.510000 41.712395 -67.689301
v 12.510000 40.369595 -73.871300
v 12.510000 36.763294 -79.069000
v 12.510000 31.442493 -82.490799
v 12.510000 25.217194 -83.616096
v 12.510000 19.035095 -82.273300
v 12.510000 13.837494 -78.667000
v 12.510000 10.415594 -73.346199
v 12.510000 9.290395 -67.120903
v 12.510000 10.633195 -60.938801
v 12.510000 14.239496 -55.741199
v 12.510000 19.560297 -52.319302
v 12.472900 25.731497 -54.279305
v 12.472900 30.736996 -55.366604
v 12.472900 34.945396 -58.286503
v 12.472900 37.716095 -62.594704
v 12.472900 38.627098 -67.635201
v 12.472900 37.539898 -72.640701
v 12.472900 34.619991 -76.849098
v 12.472900 30.311794 -79.619797
v 12.472900 25.271294 -80.530800
v 12.472900 20.265795 -79.443604
v 12.472900 16.057394 -76.523697
v 12.472900 13.286695 -72.215500
v 12.472900 12.375695 -67.175003
v 12.472900 13.462895 -62.169498
v 12.472900 16.382795 -57.961102
v 12.472900 20.690996 -55.190399
v 13.421500 25.724997 -54.649605
v 13.421500 30.589296 -55.706104
v 13.421500 34.678997 -58.543705
v 13.421500 37.371494 -62.730404
v 13.421500 38.256897 -67.628700
v 13.421500 37.200397 -72.492996
v 13.421500 34.362793 -76.582703
v 13.421500 30.176094 -79.275200
v 13.421500 25.277794 -80.160599
v 13.421500 20.413494 -79.104103
v 13.421500 16.323793 -76.266502
v 13.421500 13.631294 -72.079803
v 13.421500 12.745895 -67.181503
v 13.421500 13.802395 -62.317200
v 13.421500 16.639996 -58.227402
v 13.421500 20.826696 -55.534901
v 14.602700 25.605896 -61.443905
v 14.602700 27.879196 -61.937603
v 14.602700 29.790495 -63.263702
v 14.602700 31.048895 -65.220398
v 14.602700 31.462595 -67.509598
v 14.602700 30.968895 -69.782898
v 14.602700 29.642694 -71.694199
v 14.602700 27.686094 -72.952499
v 14.602700 25.396894 -73.366302
v 14.602700 23.123594 -72.872498
v 14.602700 21.212294 -71.546402
v 14.602700 19.953894 -69.589798
v 14.602700 19.540194 -67.300598
v 14.602700 20.033894 -65.027298
v 14.602700 21.360096 -63.115898
v 14.602700 23.316696 -61.857601
v 14.620500 25.425394 -71.742699
v 14.620500 25.460194 -69.752602
v 14.620500 25.501394 -67.405098
v 14.620500 25.542595 -65.057602
v 14.620500 25.577396 -63.067505
v 7.382500 30.749096 -55.338703
v 7.382500 25.732096 -54.249004
v 7.382500 34.967297 -58.265404
v 7.382500 37.744297 -62.583504
v 7.382500 38.657497 -67.635696
v 7.382500 37.567795 -72.652802
v 7.382500 34.641094 -76.871002
v 7.382500 30.322895 -79.648003
v 7.382500 25.270695 -80.561203
v 7.382500 20.253695 -79.471497
v 7.382500 16.035494 -76.544800
v 7.382500 13.258494 -72.226601
v 7.382500 12.345295 -67.174400
v 7.382500 13.434996 -62.157398
v 7.382500 16.361696 -57.939201
v 7.382500 20.679895 -55.162102
v 4.503300 30.749096 -55.338703
v 4.503300 25.732096 -54.249004
v 4.503300 34.967297 -58.265404
v 4.503300 37.744297 -62.583504
v 4.503300 38.657497 -67.635696
v 4.503300 37.567795 -72.652802
v 4.503300 34.641094 -76.871002
v 4.503300 30.322895 -79.648003
v 4.503300 25.270695 -80.561203
v 4.503300 20.253695 -79.471497
v 4.503300 16.035494 -76.544800
v 4.503300 13.258494 -72.226601
v 4.503300 12.345295 -67.174400
v 4.503300 13.434996 -62.157398
v 4.503300 16.361696 -57.939201
v 4.503300 20.679895 -55.162102
v 3.654500 25.664495 -58.102303
v 3.258600 25.589697 -62.370403
v 2.869100 25.501394 -67.405098
v 3.258600 25.413094 -72.439697
v 3.654500 25.338295 -76.707901
v 17.362700 102.185196 -71.489204
v 17.362700 106.812691 -99.491104
v -0.972600 105.890495 -99.654610
v -0.972600 102.185196 -71.489204
v -7.460100 105.118294 -97.197411
v -7.460100 102.707993 -97.624710
v -7.460100 99.774895 -71.916405
v -7.460100 102.185196 -71.489204
v 17.362700 99.774895 -71.916405
v -0.972600 99.774895 -71.916405
v 23.850201 102.185196 -71.489204
v 23.850201 99.774895 -71.916405
v 23.850201 104.282791 -97.345604
v 23.850201 106.693092 -96.918304
v 17.362700 104.402290 -99.918411
v -0.972600 103.480095 -100.081909
v 17.331499 108.171394 -102.219109
v 14.579900 108.097496 -102.219604
v 14.659400 106.675293 -99.514206
v 17.331499 106.823189 -99.513306
v 17.331499 110.686691 -103.695709
v 14.500300 110.686691 -103.695709
v 1.702600 102.151596 -101.874008
v -1.049000 102.077690 -101.874405
v -0.969500 105.870094 -99.659309
v 1.702600 106.017990 -99.658310
v 1.702600 99.954994 -104.293610
v -1.128600 99.954994 -104.293610
v 18.831100 80.508492 -100.519707
v 18.831100 81.009293 -71.958008
v -2.441000 81.009293 -71.958008
v -2.441000 80.508492 -100.519707
v -7.460100 81.009293 -71.958008
v -7.460100 99.785789 -72.287209
v -7.460100 99.333092 -98.108810
v -7.460100 80.556496 -97.779610
v 18.831100 99.285095 -100.848907
v -2.441000 99.285095 -100.848907
v 23.850201 80.556496 -97.779610
v 23.850201 99.333092 -98.108810
v 23.850201 99.785789 -72.287209
v 23.850201 81.009293 -71.958008
v -2.441000 99.785789 -72.287209
v 18.831100 99.785789 -72.287209
v -6.737700 99.771889 -73.081505
v -6.737700 99.347694 -97.275406
v 18.340401 99.299690 -100.015511
v -1.950300 99.299690 -100.015511
v 23.127800 99.347694 -97.275406
v 23.127800 99.771889 -73.081505
v 6.637800 86.515594 -76.825310
v 6.386700 84.161789 -78.930107
v 22.442101 100.318695 -98.914207
v 22.693199 102.672592 -96.809410
v 3.944800 84.094093 -80.946609
v 20.000299 100.251091 -100.930710
v 1.754100 86.380196 -80.858406
v 17.809500 102.537193 -100.842506
v 2.005200 88.734093 -78.753609
v 18.060600 104.891090 -98.737709
v 4.447000 88.801796 -76.737007
v 20.502501 104.958694 -96.721207
v 21.393801 102.554993 -97.709908
v 21.267700 101.373390 -98.766510
v 23.926701 104.619392 -102.411110
v 24.020800 105.502090 -101.621811
v 20.041901 101.339394 -99.778809
v 23.011000 104.593994 -103.167305
v 18.942200 102.486992 -99.734505
v 22.189400 105.451294 -103.134209
v 19.068300 103.668594 -98.677910
v 22.283600 106.333992 -102.345009
v 20.294001 103.702591 -97.665611
v 23.199301 106.359390 -101.588806
v 5.457200 86.517593 -77.873711
v 4.357400 87.665192 -77.829407
v 1.388400 84.410591 -74.440811
v 2.209900 83.553291 -74.473907
v 3.131700 87.631195 -78.841705
v 0.472700 84.385193 -75.197006
v 3.005600 86.449593 -79.898209
v 0.378500 83.502495 -75.986305
v 4.105300 85.301994 -79.942505
v 1.200100 82.645195 -76.019409
v 5.331100 85.335991 -78.930305
v 2.115800 82.670593 -75.263206
v -2.972100 84.503395 -75.017311
v -3.526900 86.104294 -75.838707
v -3.216500 85.363495 -77.101006
v -2.590400 84.038193 -76.801506
v -2.257600 85.712494 -73.763107
v -2.944100 86.734390 -74.613304
v -1.321100 83.646294 -74.725807
v -1.410500 83.350990 -76.189705
v -1.138100 84.721893 -73.702011
v -0.139400 86.425392 -76.386711
v 0.131900 85.885193 -78.117409
v -0.987700 86.875793 -78.178406
v -0.804600 87.951393 -77.154709
v 0.464600 87.559494 -75.079010
v -0.715200 88.246689 -75.690811
v 1.401100 85.493393 -76.041710
v 0.818300 84.863289 -77.267204
v 1.090800 86.234192 -74.779510
v -2.635600 87.551491 -76.733810
v -2.342800 86.193993 -78.033310
v -2.007200 87.882294 -74.969505
v -0.825600 86.992691 -73.773811
v 0.217000 85.403694 -73.847206
v 0.509900 84.046196 -75.146706
v -0.118500 83.715393 -76.911011
v -1.300100 84.604996 -78.106705
v 0.916800 87.644196 -75.976906
v 0.403900 87.225990 -76.401909
v 0.739300 86.631393 -76.357109
v 1.252200 87.049591 -75.932106
v -0.251500 86.943596 -76.244308
v 0.083800 86.348991 -76.199608
v 1.354000 86.617096 -76.514107
v 0.628200 86.897293 -76.399406
v 0.377700 86.702492 -77.005409
v 1.103600 86.422195 -77.120110
v 0.060500 86.649895 -76.011208
v -0.190000 86.455093 -76.617210
v 0.349200 87.835693 -76.850410
v 0.287300 87.209389 -76.498505
v 0.364400 86.814690 -77.043205
v 0.426300 87.440994 -77.395111
v -0.108300 86.637291 -76.139809
v -0.031200 86.242493 -76.684608
v -3.337400 80.920692 -79.110611
v -3.337400 81.658195 -77.395607
v -4.751900 81.970993 -77.714211
v -5.065100 81.627892 -79.123009
v -1.609700 81.627892 -79.123009
v -1.922800 81.970993 -77.714211
v -3.337400 81.597595 -80.850410
v -4.751900 81.921394 -80.542908
v -1.922800 81.921394 -80.542908
v -3.337400 84.575691 -79.174706
v -5.065100 85.140396 -79.184608
v -4.751900 84.846893 -77.764610
v -3.337400 85.170692 -77.457108
v -1.609700 85.140396 -79.184608
v -1.922800 84.846893 -77.764610
v -3.337400 85.110092 -80.912010
v -4.751900 84.797295 -80.593307
v -1.922800 84.797295 -80.593307
v -3.337400 83.427292 -76.690407
v -5.079500 83.414696 -77.411911
v -1.595200 83.414696 -77.411911
v -0.873600 83.384094 -79.153809
v -1.595200 83.353592 -80.895607
v -3.337400 83.340996 -81.617210
v -5.079500 83.353592 -80.895607
v -5.801100 83.384094 -79.153809
v -2.302600 85.860191 -79.066605
v -2.917800 85.412796 -78.894707
v -3.130500 85.333191 -79.533806
v -2.515400 85.780594 -79.705605
v -2.978100 84.712494 -78.718407
v -3.190900 84.632889 -79.357506
v -3.214800 85.845695 -79.888908
v -3.050900 85.406189 -79.266006
v -3.691300 85.341690 -79.052010
v -3.855200 85.781189 -79.675011
v -2.886900 84.704094 -79.193306
v -3.527300 84.639595 -78.979408
v -3.020200 85.861893 -78.299805
v -3.020200 85.352592 -78.801506
v -3.671700 85.405190 -78.954308
v -3.671700 85.914490 -78.452606
v -3.020200 84.618889 -79.054008
v -3.671700 84.671494 -79.206909
v -3.602600 81.411194 -74.756409
v -4.008300 82.020790 -73.039207
v -5.349600 81.464790 -73.342606
v -5.423500 80.999695 -74.749207
v -2.593000 82.981293 -74.784004
v -3.032100 83.087189 -73.371010
v -4.008300 81.960190 -76.494011
v -5.349600 81.415192 -76.171310
v -3.032100 83.037689 -76.199707
v -6.029200 84.876190 -74.817207
v -7.438500 83.876892 -74.799706
v -6.999400 83.820496 -73.383911
v -6.023200 84.897995 -73.089607
v -4.608000 85.858490 -74.834404
v -4.681900 85.442993 -73.412407
v -6.023200 84.837395 -76.544510
v -6.999400 83.770889 -76.212608
v -4.681900 85.393394 -76.241005
v -5.015800 83.472290 -72.328407
v -6.442900 82.460495 -73.032410
v -3.588700 84.458694 -73.067505
v -2.997600 84.841995 -74.816605
v -3.588700 84.397690 -76.551208
v -5.015800 83.385895 -77.255211
v -6.442900 82.399391 -76.516205
v -7.034000 82.016090 -74.767105
v -5.795900 86.410591 -74.825211
v -6.041400 85.691795 -74.648605
v -6.176500 85.502594 -75.285805
v -5.931000 86.221390 -75.462410
v -5.687500 85.084091 -74.474007
v -5.822600 84.894890 -75.111107
v -6.432700 85.900589 -73.543411
v -6.145700 85.481689 -74.046608
v -6.711100 85.150696 -74.192810
v -6.998200 85.569496 -73.689507
v -5.727400 84.879890 -74.301605
v -6.292900 84.548790 -74.447708
v -6.570400 85.761292 -75.663910
v -6.177800 85.497292 -75.044006
v -6.663200 85.077789 -74.823906
v -7.055800 85.341789 -75.443810
v -5.640100 85.016396 -74.975311
v -6.125500 84.596893 -74.755104
v 14.227000 83.750992 -93.066010
v 14.175900 83.600494 -91.205910
v 14.123900 82.146492 -91.494804
v 14.005200 81.900795 -92.952805
v 13.164800 85.243294 -92.705505
v 13.435800 84.883095 -91.292305
v 12.994100 83.543594 -94.452408
v 13.156300 82.099892 -94.152809
v 12.468200 84.836494 -93.950409
v 10.909000 82.826195 -91.841911
v 10.816500 81.011993 -91.776505
v 11.513200 81.418793 -90.531609
v 10.987300 82.711792 -90.029610
v 9.976200 84.354492 -91.529205
v 10.825100 84.155495 -90.329109
v 9.805400 82.654793 -93.276108
v 10.545500 81.372192 -93.189705
v 9.857500 84.108894 -92.987206
v 12.833300 83.168289 -89.926109
v 13.010200 81.471092 -90.728905
v 12.162800 84.841591 -90.479507
v 11.391500 85.510895 -92.064705
v 10.971100 84.784195 -93.753105
v 11.148000 83.087090 -94.555809
v 11.818500 81.413689 -94.002510
v 12.589900 80.744392 -92.417305
v 9.512600 83.503296 -91.282005
v 10.127100 83.024895 -91.322807
v 10.021800 82.825790 -91.962509
v 9.407400 83.304192 -91.921806
v 10.836200 83.147194 -91.408508
v 10.730900 82.948090 -92.048309
v 9.453200 82.607391 -92.120010
v 10.032500 82.890091 -91.681107
v 10.323000 82.291389 -91.550011
v 9.743700 82.008690 -91.988808
v 10.651600 83.227592 -91.848206
v 10.942100 82.628891 -91.717010
v 9.960000 82.824890 -90.616905
v 10.239600 82.942993 -91.264206
v 10.295900 82.296295 -91.435005
v 10.016300 82.178093 -90.787811
v 10.810700 83.123093 -91.757706
v 10.867000 82.476395 -91.928505
v -7.269000 93.442993 -86.883209
v -7.269000 93.254395 -97.635506
v -2.656600 80.583794 -97.413406
v -2.656600 80.772392 -86.661110
v -4.017300 94.626289 -86.904007
v 0.595100 81.955696 -86.681808
v 0.595100 81.767189 -97.434105
v -4.017300 94.437790 -97.656311
v -2.252000 89.536491 -86.814705
v -2.252000 89.347992 -97.567009
v 8.078800 80.680794 -97.415108
v 8.078800 80.869293 -86.662811
v -1.176400 90.818192 -86.837204
v 9.154400 82.150993 -86.685310
v 9.154400 81.962494 -97.437508
v -1.176400 90.629692 -97.589508
v 0.352000 80.530495 -100.520111
v 0.352000 78.959793 -91.778610
v -2.479200 78.959793 -91.778511
v -2.479200 80.530495 -100.520111
v 0.352000 79.220795 -76.890808
v -2.479200 79.220795 -76.890808
v 0.352000 80.973793 -71.957405
v -2.479200 80.973793 -71.957405
v 18.822599 80.530495 -100.520111
v 18.822599 78.959793 -91.778610
v 15.991500 78.959793 -91.778511
v 15.991500 80.530495 -100.520111
v 18.822599 79.220795 -76.890808
v 15.991500 79.220795 -76.890808
v 18.822599 80.973793 -71.957405
v 15.991500 80.973793 -71.957405
v -4.450100 79.373390 -57.266209
v -4.450100 78.618790 -103.434410
v -3.658200 79.326996 -103.797211
v -3.658200 80.165192 -57.280109
v -5.242000 80.165192 -57.280109
v -5.242000 79.326996 -103.797211
v -4.450100 80.956993 -57.294006
v -4.450100 80.135689 -104.135406
v -4.450100 45.260494 -89.638000
v -4.450100 77.924294 -104.857910
v -3.658200 78.271492 -104.146111
v -3.658000 45.613594 -88.914101
v -5.242100 45.613594 -88.914101
v -5.242000 78.271492 -104.146111
v -4.450100 45.954891 -88.214600
v -4.450100 78.677689 -105.208908
v -3.658200 79.024895 -104.497208
v -5.242000 79.024895 -104.497208
v -4.450100 79.174492 -105.167610
v -3.839400 79.667694 -104.846207
v -5.060700 79.667694 -104.846207
v -5.461500 80.440193 -55.811909
v -5.461500 78.749290 -57.444508
v -2.722800 78.749290 -57.444508
v -2.722800 80.440193 -55.811909
v -5.461500 80.381889 -59.135509
v -2.722800 80.381889 -59.135509
v -5.461500 82.072891 -57.502808
v -2.722800 82.072891 -57.502808
v 21.335400 79.373390 -57.266209
v 20.543501 80.165192 -57.280109
v 20.543501 79.326996 -103.797211
v 21.335400 78.618790 -103.434410
v 22.127300 80.165192 -57.280109
v 22.127300 79.326996 -103.797211
v 21.335400 80.956993 -57.294006
v 21.335400 80.135689 -104.135406
v 21.335400 45.260494 -89.638000
v 20.543400 45.613594 -88.914101
v 20.543501 78.271492 -104.146111
v 21.335400 77.924294 -104.857910
v 22.127399 45.613594 -88.914101
v 22.127300 78.271492 -104.146111
v 21.335400 45.954891 -88.214600
v 21.335400 78.677689 -105.208908
v 20.543501 79.024895 -104.497208
v 22.127300 79.024895 -104.497208
v 21.335400 79.174492 -105.167610
v 20.724701 79.667694 -104.846207
v 21.946100 79.667694 -104.846207
v 22.346901 80.440193 -55.811909
v 19.608101 80.440193 -55.811909
v 19.608101 78.749290 -57.444508
v 22.346901 78.749290 -57.444508
v 19.608101 80.381889 -59.135509
v 22.346901 80.381889 -59.135509
v 19.608101 82.072891 -57.502808
v 22.346901 82.072891 -57.502808
v 21.279100 78.748894 -104.448204
v -4.352500 78.820793 -104.449509
v -4.352800 79.305489 -105.006111
v 21.279100 79.287193 -105.005806
v 21.279100 79.306389 -103.909904
v -4.352800 79.324692 -103.910210
v 21.279100 79.844696 -104.467506
v -4.353100 79.878693 -104.468010
v 21.279100 78.978394 -91.359604
v -4.352500 79.050293 -91.360809
v -4.352800 79.534996 -91.917404
v 21.279100 79.516693 -91.917107
v 21.279100 79.535889 -90.821304
v -4.352800 79.554192 -90.821609
v 21.279100 80.074196 -91.378807
v -4.353100 80.108192 -91.379410
v 21.279100 79.226295 -77.216408
v -4.352500 79.298195 -77.217705
v -4.352800 79.782990 -77.774307
v 21.279100 79.764595 -77.774010
v 21.279100 79.783890 -76.678108
v -4.352800 79.802193 -76.678406
v 21.279100 80.322189 -77.235611
v -4.353100 80.356194 -77.236206
v 13.063300 64.014091 -94.009308
v 4.258200 64.014091 -94.009308
v 4.258200 68.815292 -93.528511
v 13.063300 68.815292 -93.528511
v 14.728700 62.931492 -94.555809
v 2.592700 62.931492 -94.555809
v 13.755600 55.624092 -95.244011
v 3.565800 55.624092 -95.244011
v 13.063300 69.084389 -78.178505
v 13.063300 64.197395 -83.550407
v 4.258200 69.084389 -78.178505
v 4.258200 64.197395 -83.550407
v 14.728700 63.103992 -84.718811
v 2.592700 63.103992 -84.718811
v 13.755600 55.723091 -89.595711
v 3.565800 55.723091 -89.595711
v 19.860500 35.233292 -102.025803
v -1.951000 35.233292 -102.025803
v -1.951000 54.652493 -93.381607
v 19.860500 54.652493 -93.381607
v 19.860500 54.467392 -92.965904
v 19.860500 35.048191 -101.610100
v -1.951000 54.467392 -92.965904
v -1.951000 35.048191 -101.610100
v -2.508000 39.678795 -47.003105
v -2.508000 46.135796 -57.301804
v -8.550300 45.287197 -57.734303
v -7.445100 39.196598 -48.065804
v -2.508000 44.667397 -66.149902
v -7.519000 43.837997 -65.801102
v -2.998000 36.929996 -70.991501
v -2.998000 30.090195 -75.288002
v -6.696200 29.768494 -74.345802
v -8.009000 36.100494 -70.642700
v -2.998000 26.100794 -75.796097
v -6.696200 26.128494 -74.824898
v -2.998000 20.905994 -74.851196
v -2.998000 17.483694 -70.158997
v -8.009000 18.341293 -69.670303
v -6.696200 21.283094 -73.851097
v -2.998000 18.046396 -61.119499
v -8.009000 18.884697 -61.412102
v -2.998000 21.858397 -52.418098
v -7.727600 22.249596 -53.522598
v -2.998000 26.694595 -49.247204
v -7.905200 26.649096 -50.330803
v -8.612400 26.447996 -61.672302
v -8.612400 26.267195 -69.013199
v -8.428100 31.459097 -52.907402
v -8.658800 37.549698 -62.575905
v 2.326200 38.878098 -48.752403
v 2.326200 44.723797 -57.999805
v 2.326200 43.287495 -65.544601
v 1.836100 35.549995 -70.386299
v 1.836100 29.557295 -73.692802
v 1.836100 26.150694 -74.152603
v 1.836100 21.538794 -73.159401
v 1.836100 18.917994 -69.320396
v 1.836100 19.448597 -61.584202
v 1.836100 22.514696 -54.237099
v -2.508000 34.769398 -44.810104
v 2.326200 34.697197 -46.594204
v -7.445100 34.723797 -45.893703
v 1.900600 26.959696 -51.435905
v 4.473600 27.973194 -68.543503
v 4.473600 29.349194 -74.064003
v 1.461800 29.349194 -74.064102
v 1.461800 27.973194 -68.543503
v 4.473600 25.256195 -78.016098
v 1.461800 25.256195 -78.016098
v 4.473600 19.787195 -76.447403
v 1.461800 19.787195 -76.447403
v 4.473600 18.411194 -70.926697
v 1.461800 18.411194 -70.926804
v 4.473600 22.504293 -66.974800
v 1.461800 22.504293 -66.974800
v 4.272200 30.389294 -75.777496
v 4.272200 30.919294 -77.903801
v 1.283500 30.919294 -77.903801
v 1.283500 30.389395 -75.777496
v 4.272200 29.342894 -79.425903
v 1.283500 29.342894 -79.425903
v 4.272200 27.236494 -78.821701
v 1.283500 27.236494 -78.821701
v 4.272200 26.706493 -76.695503
v 1.283500 26.706594 -76.695503
v 4.272200 28.282995 -75.173401
v 1.283500 28.282995 -75.173401
v -2.482000 44.921696 -69.552002
v -2.771500 45.273396 -70.573700
v 1.294200 30.375195 -76.842598
v 1.583700 30.023394 -75.820900
v -1.980500 45.530895 -71.321701
v 2.085200 30.632595 -77.590500
v -0.899900 45.436596 -71.047897
v 3.165800 30.538395 -77.316803
v -0.610400 45.084896 -70.026199
v 3.455300 30.186695 -76.295097
v -1.401400 44.827396 -69.278198
v 2.664300 29.929193 -75.547096
v -8.180000 39.598698 -74.043198
v -8.474500 30.222094 -69.450699
v -12.324700 30.222094 -69.450699
v -12.471700 39.579796 -74.105797
v -8.885300 27.215197 -58.677105
v -12.735400 27.215197 -58.677105
v -8.830300 30.597897 -48.019005
v -12.680500 30.597897 -48.019104
v -8.601800 40.129696 -43.754402
v -13.797100 40.129696 -43.754402
v -13.657300 39.864197 -58.898804
v 22.894600 36.146095 -33.668503
v 22.724701 35.511696 -35.866302
v -6.870500 36.865597 -35.806004
v -6.700600 37.500095 -33.608204
v 22.688200 33.285297 -36.417805
v -6.907000 34.639297 -36.357502
v 22.821600 31.693598 -34.771503
v -6.773700 33.047497 -34.711205
v 22.991400 32.328094 -32.573704
v -6.603800 33.681995 -32.513405
v 23.027901 34.554398 -32.022205
v -6.567300 35.908295 -31.961903
v -9.033300 31.519297 -49.533203
v -5.597200 33.075596 -30.208101
v -5.805800 37.788498 -30.290802
v -9.033300 38.086395 -49.648403
v -4.325800 37.788498 -30.290802
v -8.040200 38.086395 -49.648403
v -4.117200 33.075596 -30.208101
v -8.040200 31.519297 -49.533203
v -2.091800 22.301796 -54.109100
v -3.300000 23.684496 -54.831001
v -12.372300 26.007597 -45.005802
v -11.266700 24.626696 -44.058701
v -4.508200 22.277395 -55.504002
v -13.724300 24.601797 -45.477299
v -3.300000 20.894695 -54.782101
v -12.618700 23.220896 -44.530201
v -16.542200 28.484398 -37.891003
v -15.795100 27.467598 -36.884804
v -17.771601 27.447596 -38.025803
v -17.024500 26.430899 -37.019604
v -18.977200 31.601498 -32.284904
v -19.058399 31.214699 -31.497202
v -20.135900 31.447199 -32.602203
v -20.217100 31.060398 -31.814602
v -20.365499 34.598698 -28.999401
v -21.101801 31.757198 -28.097002
v -21.977301 34.019897 -31.711002
v -21.642700 31.233997 -31.271301
v -23.069500 33.048695 -28.618801
v -23.111401 32.434296 -28.458101
v -23.273899 32.928497 -28.955603
v -23.315800 32.314095 -28.794903
v -9.347800 49.441395 -48.145504
v -13.183300 49.435097 -48.508503
v -8.893600 52.600098 -58.917904
v -12.729100 52.593697 -59.280903
v -7.975400 49.066498 -69.529099
v -11.810900 49.060196 -69.891998
v 20.508900 125.320297 45.993492
v 22.250200 124.935501 49.080391
v 22.240801 119.322098 48.287193
v 20.839701 120.702797 45.329891
v 16.475300 128.732498 48.694187
v 18.296600 128.663605 51.775288
v 17.819599 114.693298 46.185692
v 19.560900 114.308403 49.272491
v 14.413400 113.318810 52.052792
v 12.672100 113.703598 48.965992
v 19.308901 121.226799 41.677094
v 17.950199 123.937698 42.473091
v 13.802200 127.326698 44.837788
v 10.308200 113.085999 45.279293
v 17.663099 115.808701 43.441193
v 20.780600 124.175003 50.131393
v 21.224100 119.543701 49.303894
v 17.963499 126.788208 52.046288
v 18.638800 115.711502 50.284492
v 14.934600 114.819008 52.262791
v 20.101400 123.700111 51.073494
v 20.480900 119.750999 50.370293
v 17.937401 125.604309 52.525791
v 18.275299 116.483910 51.203991
v 19.242001 120.080109 51.233791
v 16.848200 120.715309 52.862194
v 15.478600 115.888405 52.701492
v 17.009300 121.088799 37.843193
v 15.688900 122.375603 40.408493
v 11.721200 124.654404 42.533092
v 14.534600 118.773201 34.925591
v 11.272600 119.875298 35.458092
v 7.536600 121.382301 36.969791
v 20.134701 116.925201 38.902493
v 20.614599 119.288696 38.330391
v 19.122601 119.744797 35.427193
v 17.604200 118.059196 33.504791
v 25.545601 113.979897 28.758591
v 25.806900 115.686897 28.718990
v 24.580900 116.690697 26.505791
v 22.798201 115.872398 25.418291
v 14.686600 114.507797 40.567593
v 24.308901 112.618202 28.725893
v 15.635900 114.106400 36.872993
v 22.519400 112.087097 26.897093
v 13.513100 116.372803 33.814491
v 8.929300 118.020699 34.702591
v 6.219500 118.928001 35.848194
v 16.158800 116.011803 32.743591
v 25.681299 114.414597 20.846691
v 24.704100 112.157402 20.749992
v 21.657101 113.688797 25.073990
v 13.016400 114.286499 36.306492
v 29.499001 113.195999 26.745993
v 29.815701 112.243202 26.922693
v 27.632900 115.110703 21.624990
v 28.774799 111.421600 26.808792
v 26.215300 110.540604 21.901691
v 27.954100 112.646103 22.808392
v 9.058200 106.824799 40.564392
v 8.422400 113.983704 36.358994
v 11.096400 112.454697 37.257793
v 10.599900 106.443604 41.019691
v 12.914200 111.399696 40.810093
v 12.834700 105.940201 44.607693
v 6.131500 107.574600 41.115593
v 5.756400 115.396103 36.633591
v 11.327800 127.742805 51.474487
v 8.930300 123.845207 52.439594
v 10.331500 122.464508 55.396893
v 13.069100 127.358009 54.561390
v 8.638500 117.115807 51.666691
v 10.379800 116.730911 54.753494
v 8.898500 126.326103 47.876789
v 6.681900 124.558502 49.215191
v 6.816500 118.670601 49.916492
v 11.674000 122.063507 55.005192
v 14.259200 125.895706 54.024593
v 12.117400 117.432205 54.177692
v 12.942800 121.740005 54.870491
v 15.145700 125.007706 54.031994
v 13.319500 117.791504 54.162491
v 14.286200 121.387810 54.192291
v 7.210600 124.594902 44.781792
v 4.346500 124.430000 45.402794
v 4.209500 121.738998 39.674694
v 2.042700 122.069298 42.382992
v 2.637000 124.032303 49.062794
v 2.434600 121.595497 49.469193
v 0.975600 124.532997 46.260792
v -0.646600 122.874802 44.400291
v -8.833300 124.827003 49.398693
v -9.326600 123.181198 49.576893
v -9.821400 125.767998 47.043491
v -10.317200 124.610100 45.187691
v 5.127100 117.030197 46.274593
v -9.360100 121.501999 48.825893
v -10.367600 120.764603 46.530193
v 1.503000 117.835503 45.310192
v 3.833800 119.365196 37.744591
v 0.635400 119.770699 41.502392
v -1.459800 120.660599 43.261692
v -15.844800 125.371498 45.637291
v -10.954200 122.293602 44.542591
v -16.367800 122.994499 45.269394
v 2.149700 117.153702 42.793793
v -12.893100 124.381508 52.053493
v -13.225200 123.599907 52.617592
v -15.721100 126.549896 47.506790
v -13.205700 122.498505 51.870594
v -16.610100 121.840401 47.467892
v -15.771700 124.183502 48.912094
v 4.214500 108.102898 43.456093
v 3.971700 108.198898 45.329792
v 3.041100 114.580101 42.066692
v 3.930700 115.168800 39.040493
v 5.752600 107.816803 49.280193
v 4.893300 113.516098 45.598492
v 9.555400 106.805199 46.582493
v -26.778500 149.124496 43.501888
v -29.384501 154.019501 45.845287
v -28.846600 153.896896 46.817490
v -26.240601 149.001907 44.474190
v -34.352402 155.064606 49.083889
v -33.814400 154.942001 50.056087
v -39.018501 151.702103 50.883587
v -38.480499 151.579407 51.855888
v -40.403000 145.847107 50.627289
v -39.865002 145.724503 51.599487
v -37.555599 140.898804 48.711689
v -37.017700 140.776199 49.683887
v -32.283600 139.786499 46.012188
v -31.745701 139.663803 46.984489
v -27.921700 143.216202 43.673290
v -27.383699 143.093597 44.645489
v -33.318001 147.425598 47.548088
v -31.051500 146.410797 49.363987
v -30.840099 147.394501 49.371090
v -31.979500 147.120499 49.966988
v -31.806499 145.842697 49.710190
v -31.296200 148.217697 49.727287
v -32.152500 148.398193 50.223888
v -32.662899 146.023193 50.206787
v -33.118999 146.846405 50.562889
v -32.907600 147.830093 50.569988
v -2.748500 123.279701 50.339493
v -3.586300 122.968300 49.664791
v -7.444200 130.543701 50.958088
v -6.606400 130.855194 51.632889
v -4.122600 122.517807 50.538593
v -7.980500 130.093201 51.831989
v -3.284700 122.829208 51.213394
v -7.142700 130.404602 52.506687
v -32.632801 147.373703 48.925888
v -32.453701 148.190903 49.670288
v -7.291900 131.515594 51.623589
v -7.517400 130.674103 50.968487
v -33.027302 147.614899 50.440689
v -7.865500 130.939499 52.393990
v -33.206402 146.797699 49.696190
v -8.073500 130.216003 51.843090
v -4.061000 123.250008 52.196091
v -1.986300 122.702507 50.957592
v -2.898600 122.904099 49.340294
v -5.662600 123.603897 49.356991
v -5.801400 123.055496 49.366894
v -4.199800 122.701607 52.206093
v -2.125100 122.154106 50.967491
v -3.037400 122.355698 49.350193
v -17.562300 122.412003 47.571194
v -17.268000 123.319702 49.305794
v -32.923100 125.810104 50.681793
v -33.217499 124.902298 48.947193
v -16.957399 125.274200 49.359993
v -32.612499 127.764511 50.735989
v -16.941099 126.320900 47.679588
v -32.596298 128.811203 49.055588
v -17.235500 125.413101 45.945091
v -32.890598 127.903503 47.321087
v -17.546101 123.458603 45.890892
v -33.201199 125.948997 47.266792
v -17.435101 121.113701 47.508091
v -16.952999 122.600800 50.349594
v -16.444099 125.802597 50.438393
v -16.417500 127.517303 47.685688
v -16.899599 126.030197 44.844093
v -17.408501 122.828400 44.755291
v -15.926800 120.877701 47.375591
v -15.444700 122.364799 50.217194
v -14.935900 125.566597 50.305992
v -14.909200 127.281303 47.553288
v -15.391400 125.794197 44.711693
v -15.900200 122.592400 44.622890
v -15.791400 121.730003 47.399292
v -15.461800 122.720703 49.387791
v -15.067000 125.151001 49.553192
v -15.041900 126.446198 47.530090
v -15.384300 125.325897 45.626793
v -15.792300 122.885803 45.328892
v -26.895800 125.665306 58.307892
v -22.485300 124.952911 54.170692
v -21.924299 124.822411 54.752491
v -26.496099 125.586510 58.508194
v -21.826099 125.364708 54.781292
v -22.387199 125.495209 54.199493
v -26.853500 125.943405 58.329292
v -26.453899 125.864510 58.529591
v -17.339399 123.998009 51.416992
v -17.224600 124.691811 51.438793
v -14.250500 124.247803 49.902992
v -14.405500 123.310699 49.873692
v -13.290300 123.057709 52.060390
v -16.631300 123.847809 52.470993
v -13.135300 123.994804 52.089794
v -16.516500 124.541611 52.492691
v -26.376301 125.364708 58.927494
v -27.405199 125.567711 58.411991
v -27.296499 126.283508 58.467091
v -26.267599 126.080505 58.982693
v -26.584600 125.421211 59.240692
v -27.466700 125.594810 58.791893
v -27.371901 126.212509 58.838993
v -26.489799 126.038910 59.287792
v -26.928499 125.686211 59.349792
v -27.148800 125.729706 59.239391
v -27.125500 125.882904 59.251293
v -26.905300 125.839409 59.361591
v 29.975500 141.325699 10.654690
v 30.529301 141.203003 11.617990
v 33.933498 146.056702 10.569988
v 33.379700 146.179398 9.606789
v 39.221001 147.044998 7.872789
v 38.667198 147.167694 6.909489
v 43.196602 143.610596 4.932589
v 42.642799 143.733307 3.969389
v 43.629299 137.743698 3.645489
v 43.075500 137.866394 2.682189
v 40.469898 132.835800 5.127490
v 39.916100 132.958603 4.164190
v 35.364899 131.807205 8.148291
v 34.811100 131.929901 7.185090
v 31.206800 135.281906 10.764890
v 30.653000 135.404602 9.801590
v 36.739101 139.548798 7.047289
v 37.114399 138.546906 9.931689
v 37.794601 137.969101 9.466990
v 38.117100 139.243500 9.443990
v 37.021500 139.532806 10.110689
v 38.439602 140.517807 9.420890
v 37.570400 140.349106 9.899090
v 38.663700 138.137802 8.988790
v 39.212700 138.954193 8.777189
v 39.119801 139.940002 8.956189
v 23.375000 115.865700 34.679092
v 26.551901 123.393303 31.998291
v 26.403099 123.077202 30.934191
v 23.226299 115.549599 33.615093
v 27.423700 122.615997 30.928591
v 24.246799 115.088501 33.609394
v 27.572399 122.932198 31.992590
v 24.395599 115.404602 34.673492
v 37.835098 139.657806 8.213490
v 26.451099 123.206703 30.876091
v 26.904600 124.046600 31.402491
v 38.388699 140.472504 8.746389
v 27.854401 123.460197 31.312191
v 39.338600 139.886093 8.656090
v 27.482500 122.737801 30.853991
v 38.785000 139.071396 8.123190
v 25.644699 115.411903 34.462193
v 24.043100 115.765800 31.622990
v 22.657700 116.160896 34.083591
v 23.569901 115.959297 35.700794
v 25.505899 114.863503 34.472092
v 23.904301 115.217400 31.632990
v 22.518900 115.612503 34.093491
v 23.431200 115.410896 35.710693
v 26.896601 110.681099 21.029793
v 35.271599 106.830902 8.060092
v 36.941399 107.375801 8.973492
v 28.566401 111.225998 21.943192
v 37.585098 109.242401 8.828892
v 29.210100 113.092598 21.798592
v 36.558899 110.564102 7.770891
v 28.183901 114.414299 20.740591
v 34.889099 110.019302 6.857392
v 26.514099 113.869499 19.827091
v 34.245499 108.152702 7.001992
v 25.870501 112.002899 19.971693
v 29.047501 110.463303 22.887892
v 26.312099 109.570702 21.391493
v 30.101900 113.521103 22.650991
v 28.420900 115.686401 20.917690
v 25.685499 114.793800 19.421291
v 24.631100 111.735901 19.658192
v 28.242201 110.837700 24.136692
v 25.506800 109.945099 22.640293
v 29.296600 113.895599 23.899790
v 27.615601 116.060799 22.166491
v 24.880199 115.168198 20.670090
v 23.825800 112.110397 20.906992
v 27.686399 111.335701 23.628893
v 25.787500 110.759201 22.577192
v 28.565300 113.638298 23.505293
v 27.340599 115.263298 22.228291
v 25.470200 114.546204 21.237091
v 24.482000 112.259102 21.285593
v 40.847000 107.790901 17.866293
v 40.824600 107.823402 18.318592
v 35.557098 109.655502 20.436792
v 35.344101 109.694099 19.647293
v 35.742401 110.174797 20.413593
v 40.928398 108.085197 18.303192
v 40.950802 108.052696 17.850992
v 35.529400 110.213501 19.623993
v 30.613800 111.345100 22.789492
v 27.886299 112.151703 24.625992
v 28.195299 113.048103 24.563393
v 30.842600 112.008904 22.743193
v 31.155701 111.238800 23.942692
v 29.174700 111.852898 26.709291
v 29.483700 112.749397 26.646791
v 31.384399 111.902603 23.896393
v 41.103001 107.491302 17.513391
v 41.045399 107.574997 18.677593
v 41.312698 108.248901 18.638092
v 41.370300 108.165298 17.473892
v 41.456001 107.409103 17.645992
v 41.412300 107.479698 18.647392
v 41.642200 108.061699 18.613792
v 41.685799 107.991096 17.612392
v 41.752602 107.549500 18.106192
v 41.740299 107.567398 18.355392
v 41.809799 107.693802 18.097692
v 41.797501 107.711700 18.346992
v -14.242300 1.053302 22.041700
v -5.638000 33.894699 13.241898
v -7.413800 33.878502 11.342897
v -16.018101 1.037102 20.142799
v -5.638000 32.943100 9.690297
v -14.242300 0.101701 18.490101
v -3.862200 32.959301 11.589197
v -12.466500 0.117902 20.389099
v 31.127600 1.053302 22.041700
v 32.903400 1.037102 20.142799
v 24.299101 33.878502 11.342897
v 22.523300 33.894699 13.241898
v 31.127600 0.101701 18.490101
v 22.523300 32.943100 9.690297
v 29.351801 0.117902 20.389099
v 20.747499 32.959301 11.589197
v 0.083800 105.529289 -83.766304
v 0.074800 106.734291 -84.983910
v -0.250300 106.358696 -85.353310
v -0.241200 105.153595 -84.135704
v 16.262300 105.934395 -83.485710
v 16.618401 105.575790 -83.843307
v 16.609301 106.780792 -85.060905
v 16.253201 107.139389 -84.703308
v 8.181800 105.724190 -83.957306
v 8.158300 106.280594 -83.406410
v 0.691200 105.733994 -83.568207
v 0.714700 105.177589 -84.119110
v 8.172700 106.929192 -85.174904
v 0.705600 106.382591 -85.336708
v 8.149200 107.485596 -84.624008
v 0.682100 106.938995 -84.785805
v 15.638900 106.108292 -83.309006
v 15.662400 105.551796 -83.859810
v 15.653400 106.756889 -85.077507
v 15.629900 107.313293 -84.526611
v 17.204901 104.446495 -85.455208
v 17.195801 104.743790 -87.142311
v 16.249001 104.417389 -85.455208
v 16.239901 104.714691 -87.142311
v -0.662300 104.199890 -87.142311
v -0.653200 103.902489 -85.455208
v 0.293600 104.228989 -87.142311
v 0.302700 103.931595 -85.455208
v -3.919500 35.519005 32.853897
v -3.919500 38.102406 31.194296
v -4.725200 38.719704 31.712196
v -4.725200 36.036903 33.471096
v -4.725200 35.001102 32.236694
v -4.725200 37.485203 30.676397
v -5.530900 35.519005 32.853897
v -5.530900 38.102406 31.194296
v -3.919500 39.683903 28.993696
v -4.725200 40.414204 29.334196
v -4.725200 38.953705 28.653196
v -5.530900 39.683903 28.993696
v -4.725200 41.428303 30.117296
v -2.743200 39.711803 29.126297
v -2.743200 40.101204 28.451796
v -4.725200 41.817703 29.442797
v -4.725200 37.995304 28.135296
v -4.725200 38.384705 27.460796
v -6.707300 39.711803 29.126297
v -6.707300 40.101204 28.451796
v 10.807500 80.813995 -67.671509
v 15.514800 87.748589 -70.441307
v 17.356600 87.512192 -71.728806
v 11.540900 80.261589 -69.032707
v 11.293500 80.533394 -66.597107
v 16.451200 87.207893 -67.589706
v 16.992100 82.435989 -66.423904
v 18.732700 86.814995 -69.009209
v 13.936100 77.730293 -67.987907
v 20.459101 86.547989 -69.894806
v 12.418100 78.606789 -69.459709
v 19.117399 87.073792 -71.458008
v 16.745300 91.177994 -70.199806
v 19.232100 91.208389 -71.920105
v 17.932100 90.492790 -67.260811
v 20.996099 90.189995 -68.264008
v 23.385500 90.276596 -69.513405
v 21.822701 91.178894 -71.562309
v 19.487301 103.129593 -69.106209
v 23.375900 100.973793 -71.718811
v 20.196199 101.176491 -64.885307
v 26.169500 97.168495 -65.021706
v 30.285700 94.714790 -67.294411
v 28.282200 97.446289 -71.155106
v 23.381001 91.332993 -68.498505
v 23.376699 91.059296 -69.600609
v 31.821899 97.747589 -68.609306
v 31.153500 98.189690 -67.050804
v 22.500999 91.564789 -70.799606
v 30.483700 98.727592 -69.254906
v 21.851999 92.215790 -71.561211
v 28.133301 100.135490 -69.469208
v 22.778299 92.320091 -70.188805
v 22.216801 92.425095 -71.522911
v 28.226801 104.415092 -71.293007
v 29.438900 103.959190 -69.591309
v 20.712400 92.864693 -71.530106
v 25.441500 105.155693 -71.386406
v 19.443399 93.267090 -70.824005
v 23.542200 105.534096 -68.909111
v 20.107000 90.731590 -68.201607
v 21.227800 89.982491 -68.728905
v 33.256599 103.233490 -67.503006
v 31.172600 104.440994 -66.120308
v 21.124901 89.714691 -70.269707
v 33.066200 103.190292 -70.113609
v 20.417999 89.836090 -71.299706
v 31.308500 103.812393 -70.339211
v 20.857100 93.458893 -68.125107
v 22.064899 92.639290 -69.135910
v 31.248600 104.174194 -67.243706
v 29.423599 105.040695 -66.025307
v 21.709600 91.905891 -70.936508
v 30.731300 103.480293 -69.244606
v 19.544701 93.400192 -69.106506
v 27.196301 105.366196 -66.356407
v 18.897200 91.054596 -68.905907
v 20.021999 90.143394 -68.914009
v 30.511801 99.697594 -64.804405
v 28.694700 101.073189 -63.641609
v 21.193300 89.407593 -69.912811
v 32.575401 98.627991 -65.762108
v 20.728701 89.753693 -71.165810
v 31.369600 99.731689 -68.054909
v 20.667299 93.056992 -70.219208
v 20.217100 93.712891 -69.982109
v 25.966101 106.944191 -68.288811
v 27.380301 105.734695 -69.332207
v 20.298599 93.785194 -68.612106
v 26.436600 106.567589 -66.743706
v 21.929399 92.051689 -69.148308
v 29.160400 104.265991 -69.364708
v 19.200899 92.715096 -71.380409
v 18.063400 93.371796 -69.637009
v 20.789700 107.702095 -68.721611
v 22.596201 106.856995 -69.935310
v 18.901501 92.887894 -67.561607
v 22.506800 106.789192 -65.997307
v 21.176600 91.574394 -71.313309
v 25.856300 105.318291 -68.791908
v 18.066200 93.370193 -69.659508
v 18.694300 93.007492 -67.487404
v 22.015900 106.966095 -63.169006
v 21.107599 107.760391 -65.778511
v 20.548700 91.936989 -67.677307
v 24.518000 105.151993 -63.399006
v 19.381201 92.610992 -71.373711
v 22.355400 106.970894 -66.524307
v 18.683300 93.013893 -68.017204
v 20.167900 92.156792 -67.138306
v 26.756701 103.891891 -63.696007
v 24.664801 105.235489 -64.360710
v 21.911900 91.149895 -68.227707
v 29.768600 102.506393 -65.852509
v 17.790501 93.529396 -69.841606
v 24.060101 105.878395 -65.996208
v 18.767700 92.488289 -70.683609
v 18.394400 92.799789 -69.320107
v 21.652100 102.653290 -67.775909
v 22.246401 102.205093 -68.707809
v 19.353100 92.166092 -68.254410
v 23.427000 101.404396 -66.684708
v 20.552900 91.338394 -67.872009
v 25.664101 99.859192 -66.847511
vn -0.0000 -0.2540 -0.9672
vn -0.0028 -0.4088 -0.9126
vn 0.7412 -0.2557 -0.6207
vn 0.7238 -0.1608 -0.6710
vn 0.7209 0.0663 -0.6899
vn -0.0000 0.0989 -0.9951
vn 0.7278 0.2798 -0.6261
vn -0.0000 0.4249 -0.9053
vn 0.7238 0.4115 -0.5539
vn -0.0000 0.5927 -0.8055
vn 0.7696 0.4604 -0.4424
vn -0.0000 0.7466 -0.6653
vn -0.0000 0.9639 -0.2663
vn 0.8174 0.5597 -0.1362
vn 0.7860 0.5406 0.3000
vn -0.0000 0.9573 0.2891
vn 0.9618 -0.2069 0.1794
vn 0.9782 -0.1779 0.1070
vn 0.9049 -0.3940 0.1608
vn 0.9455 -0.2209 0.2393
vn 0.9369 -0.1175 0.3293
vn 0.9252 0.2716 0.2650
vn 0.9371 0.1720 0.3036
vn 0.9239 -0.0818 0.3739
vn 0.9105 0.4066 0.0750
vn 0.9236 0.3537 0.1479
vn 0.6743 0.1107 0.7301
vn 0.7423 0.3358 0.5798
vn 0.7410 -0.2331 0.6298
vn 0.6165 0.7857 0.0507
vn 0.5945 0.2964 0.7475
vn 0.8555 0.5173 -0.0224
vn 0.6760 0.6863 -0.2684
vn 0.6002 0.7993 -0.0309
vn 0.9184 0.3067 -0.2499
vn 0.5815 0.6261 -0.5194
vn 0.8981 0.1819 -0.4004
vn 0.5645 0.4559 -0.6881
vn 0.9224 0.0058 -0.3862
vn 0.5999 0.2780 -0.7502
vn 0.9315 -0.0849 -0.3537
vn 0.4886 0.2565 -0.8340
vn 0.2661 -0.5858 0.7655
vn 0.7995 -0.3188 0.5091
vn 0.7666 -0.0946 0.6351
vn 0.3278 -0.1723 0.9289
vn 0.7634 0.3663 0.5321
vn 0.3785 0.5219 0.7644
vn 0.7246 0.6626 0.1893
vn 0.2559 0.9316 0.2580
vn 0.7083 0.6962 -0.1169
vn 0.2640 0.9506 -0.1631
vn 0.7070 0.5696 -0.4192
vn 0.2890 0.8074 -0.5144
vn 0.6768 0.4238 -0.6020
vn 0.2947 0.6033 -0.7411
vn 0.2538 0.4027 -0.8794
vn 0.6211 0.2777 -0.7329
vn 0.5351 0.2236 -0.8146
vn 0.3185 0.3484 -0.8816
vn -0.0000 0.7209 0.6930
vn -0.0000 0.3181 0.9480
vn 0.6546 -0.0807 0.7517
vn -0.0000 -0.2568 0.9665
vn -0.0000 -0.6728 0.7398
vn -0.0000 0.2042 0.9789
vn 0.2251 -0.6923 0.6856
vn 0.8866 -0.2848 0.3646
vn -0.0000 0.7978 -0.6030
vn -0.0000 0.6947 -0.7193
vn -0.0000 0.6404 -0.7681
vn -0.0000 0.4838 -0.8752
vn -0.0000 0.3968 -0.9179
vn 0.9993 0.0386 0.0018
vn 0.9969 0.0783 0.0114
vn 0.9986 0.0528 0.0045
vn 0.9977 0.0668 0.0106
vn 0.9908 0.1172 -0.0671
vn 0.9801 0.0933 -0.1753
vn 0.9587 0.0652 -0.2768
vn 0.9473 0.0554 -0.3156
vn 0.9332 0.0304 -0.3580
vn 0.9987 0.0260 -0.0428
vn 0.9970 0.0357 -0.0690
vn 0.9982 0.0582 -0.0168
vn 0.9946 0.1034 -0.0082
vn 0.9923 0.1237 0.0087
vn 0.9980 -0.0002 -0.0633
vn 0.9940 0.0033 -0.1089
vn 0.9873 0.0082 -0.1587
vn 0.9834 0.0082 -0.1813
vn 0.9828 0.0120 -0.1842
vn 0.9931 0.0214 -0.1154
vn 0.9757 -0.1512 0.1588
vn 0.9948 0.0078 0.1016
vn 0.9782 -0.1777 0.1070
vn 0.9915 -0.0137 0.1292
vn 0.9983 0.0017 0.0575
vn 0.9762 -0.0570 -0.2092
vn 0.9488 -0.0681 -0.3085
vn 0.9274 0.0446 -0.3713
vn 0.9335 0.1562 -0.3226
vn 0.9457 0.1832 -0.2686
vn 0.9912 0.0611 -0.1170
vn 0.7362 0.6749 0.0505
vn 0.5260 0.7641 0.3734
vn -0.0014 0.6892 0.7246
vn -0.0000 0.2167 -0.9762
vn 0.5824 0.3775 -0.7200
vn 0.7217 0.6921 -0.0103
vn 0.9931 -0.0208 0.1157
vn 0.7821 0.0184 0.6229
vn -0.0000 0.1071 -0.9942
vn 0.7870 -0.0031 -0.6169
vn 0.9991 -0.0110 0.0419
vn -0.0105 -0.4728 -0.8811
vn 0.7230 -0.3014 -0.6217
vn 0.9793 -0.0587 -0.1937
vn -0.7238 -0.1608 -0.6710
vn -0.7409 -0.2512 -0.6229
vn -0.7209 0.0663 -0.6899
vn -0.7278 0.2798 -0.6261
vn -0.7238 0.4115 -0.5539
vn -0.7696 0.4604 -0.4424
vn -0.7860 0.5406 0.3000
vn -0.8174 0.5597 -0.1362
vn -0.9618 -0.2069 0.1794
vn -0.9455 -0.2209 0.2393
vn -0.9049 -0.3940 0.1608
vn -0.9782 -0.1778 0.1070
vn -0.9369 -0.1175 0.3293
vn -0.9239 -0.0818 0.3739
vn -0.9371 0.1720 0.3036
vn -0.9252 0.2716 0.2650
vn -0.9236 0.3537 0.1479
vn -0.9105 0.4066 0.0750
vn -0.6743 0.1107 0.7301
vn -0.7423 0.3358 0.5798
vn -0.7410 -0.2331 0.6298
vn -0.5945 0.2964 0.7475
vn -0.6165 0.7857 0.0507
vn -0.6002 0.7993 -0.0309
vn -0.6760 0.6863 -0.2684
vn -0.8555 0.5173 -0.0224
vn -0.5815 0.6261 -0.5194
vn -0.9184 0.3067 -0.2499
vn -0.5645 0.4559 -0.6881
vn -0.8981 0.1819 -0.4004
vn -0.5999 0.2780 -0.7502
vn -0.9224 0.0058 -0.3862
vn -0.4886 0.2565 -0.8340
vn -0.9315 -0.0849 -0.3537
vn -0.2661 -0.5858 0.7655
vn -0.3278 -0.1723 0.9289
vn -0.7666 -0.0946 0.6351
vn -0.7995 -0.3188 0.5091
vn -0.3785 0.5219 0.7644
vn -0.7645 0.3672 0.5298
vn -0.2559 0.9316 0.2580
vn -0.7330 0.6544 0.1855
vn -0.2640 0.9506 -0.1631
vn -0.7158 0.6891 -0.1131
vn -0.2890 0.8074 -0.5144
vn -0.7070 0.5695 -0.4192
vn -0.2947 0.6033 -0.7411
vn -0.6768 0.4238 -0.6020
vn -0.2538 0.4027 -0.8794
vn -0.3185 0.3484 -0.8816
vn -0.5351 0.2236 -0.8146
vn -0.6211 0.2777 -0.7329
vn -0.6546 -0.0807 0.7517
vn -0.8866 -0.2848 0.3646
vn -0.2251 -0.6923 0.6856
vn -0.9969 0.0783 0.0114
vn -0.9993 0.0386 0.0018
vn -0.9973 0.0739 -0.0021
vn -0.9971 0.0754 0.0044
vn -0.9918 0.1152 -0.0549
vn -0.9813 0.0942 -0.1678
vn -0.9587 0.0651 -0.2769
vn -0.9332 0.0304 -0.3580
vn -0.9473 0.0554 -0.3156
vn -0.9987 0.0260 -0.0427
vn -0.9982 0.0582 -0.0168
vn -0.9970 0.0357 -0.0690
vn -0.9946 0.1034 -0.0082
vn -0.9899 0.1413 0.0097
vn -0.9976 0.0211 -0.0652
vn -0.9943 0.0116 -0.1060
vn -0.9873 0.0082 -0.1587
vn -0.9828 0.0120 -0.1842
vn -0.9834 0.0082 -0.1813
vn -0.9931 0.0214 -0.1154
vn -0.9948 0.0078 0.1016
vn -0.9757 -0.1512 0.1588
vn -0.9915 -0.0137 0.1292
vn -0.9983 0.0017 0.0575
vn -0.9491 -0.0677 -0.3076
vn -0.9778 -0.0575 -0.2017
vn -0.9274 0.0446 -0.3713
vn -0.9335 0.1562 -0.3227
vn -0.9457 0.1832 -0.2686
vn -0.9913 0.0611 -0.1170
vn -0.5245 0.7650 0.3737
vn -0.7362 0.6749 0.0505
vn -0.5823 0.3775 -0.7200
vn -0.7217 0.6921 -0.0103
vn -0.7805 0.0163 0.6249
vn -0.9931 -0.0208 0.1157
vn -0.7870 -0.0031 -0.6169
vn -0.9991 -0.0108 0.0419
vn -0.7311 -0.2914 -0.6170
vn -0.9796 -0.0599 -0.1917
vn -0.0025 0.0196 0.9998
vn -0.8509 0.1797 -0.4936
vn -0.9747 0.2206 0.0355
vn -0.7514 0.6572 0.0593
vn -0.6485 0.6329 -0.4230
vn -0.9801 0.1810 0.0816
vn -0.9644 0.2383 0.1151
vn -0.7754 0.6265 0.0787
vn -0.8162 0.5726 0.0775
vn -0.9996 0.0017 0.0269
vn -0.9968 0.0010 0.0794
vn -0.8763 -0.0580 0.4783
vn -0.8078 0.2414 0.5377
vn -0.9916 0.0029 0.1291
vn -0.4394 0.8965 0.0558
vn -0.3414 0.9388 0.0452
vn -0.6735 0.6491 0.3537
vn -0.4107 0.7197 0.5597
vn -0.4001 0.9154 0.0435
vn -0.3507 0.7492 -0.5619
vn -0.2999 0.0597 -0.9521
vn -0.3290 -0.1081 -0.9381
vn -0.8741 -0.0694 -0.4807
vn -0.3165 0.1647 0.9342
vn -0.0000 0.9990 0.0444
vn 0.0002 0.9997 0.0251
vn -0.0000 0.7419 0.6705
vn -0.0000 0.9995 0.0317
vn -0.0037 0.7605 -0.6493
vn 0.0063 0.0509 -0.9987
vn -0.0000 -0.0053 1.0000
vn -0.0000 0.1281 0.9918
vn -0.3689 -0.0416 0.9285
vn 0.0139 -0.0909 -0.9958
vn 0.8450 0.1778 -0.5043
vn 0.6463 0.6284 -0.4329
vn 0.7514 0.6572 0.0593
vn 0.9747 0.2207 0.0355
vn 0.9801 0.1810 0.0816
vn 0.8162 0.5726 0.0775
vn 0.7754 0.6265 0.0787
vn 0.9643 0.2383 0.1151
vn 0.9996 0.0018 0.0268
vn 0.9968 0.0010 0.0794
vn 0.8763 -0.0580 0.4783
vn 0.9916 0.0029 0.1291
vn 0.8078 0.2414 0.5377
vn 0.3412 0.9389 0.0448
vn 0.4394 0.8965 0.0558
vn 0.6735 0.6491 0.3537
vn 0.4001 0.9154 0.0435
vn 0.4107 0.7197 0.5597
vn 0.3575 0.7314 -0.5807
vn 0.8679 -0.0710 -0.4916
vn 0.3290 -0.1082 -0.9381
vn 0.3034 0.0360 -0.9522
vn 0.3165 0.1647 0.9342
vn 0.3689 -0.0416 0.9285
vn 0.0004 -0.9998 0.0175
vn 0.0005 -0.9998 0.0175
vn 0.0023 -0.9998 0.0206
vn 0.0001 -0.9998 0.0180
vn -0.0005 -0.9998 0.0184
vn 0.0002 -0.9998 0.0179
vn -0.0013 -0.9998 0.0185
vn -0.0004 -0.9998 0.0175
vn -0.0023 -0.9998 0.0206
vn -0.0002 -0.9998 0.0179
vn 0.0013 -0.9998 0.0185
vn -0.0005 -0.9998 0.0175
vn 0.0005 -0.9998 0.0184
vn -0.0001 -0.9998 0.0180
vn 0.1143 -0.1792 -0.9772
vn 0.1095 -0.1906 -0.9755
vn 0.1217 0.1289 -0.9842
vn 0.1144 0.1429 -0.9831
vn 0.1430 0.3714 -0.9174
vn 0.1335 0.4152 -0.8999
vn 0.1996 0.5314 -0.8233
vn 0.1504 0.5636 -0.8122
vn 0.1836 0.7228 -0.6663
vn 0.1152 0.7110 -0.6937
vn 0.0414 0.9429 -0.3305
vn 0.0781 0.9409 -0.3296
vn -0.0106 0.9998 -0.0167
vn -0.0281 0.9994 -0.0205
vn 0.0647 -0.3534 -0.9332
vn 0.0112 -0.3559 -0.9345
vn 0.0341 -0.3823 -0.9234
vn 0.0280 -0.3801 -0.9245
vn -0.1174 -0.1768 -0.9772
vn -0.1195 0.1427 -0.9825
vn -0.1217 0.1289 -0.9842
vn -0.1095 -0.1906 -0.9755
vn -0.1382 0.4148 -0.8993
vn -0.1430 0.3714 -0.9174
vn -0.1546 0.5631 -0.8118
vn -0.1996 0.5315 -0.8232
vn -0.1178 0.7103 -0.6939
vn -0.1836 0.7228 -0.6663
vn -0.0478 0.9432 -0.3288
vn 0.0328 0.9993 -0.0170
vn 0.0106 0.9998 -0.0167
vn -0.0781 0.9409 -0.3296
vn -0.0485 -0.3401 -0.9391
vn -0.0280 -0.3801 -0.9245
vn -0.0375 -0.3853 -0.9220
vn 0.0262 -0.3933 -0.9190
vn -0.0000 0.4645 0.8856
vn 0.0861 0.4440 0.8919
vn 0.0482 0.4859 0.8727
vn -0.0000 0.4812 0.8766
vn 0.1383 0.2405 0.9607
vn 0.1411 -0.1427 0.9797
vn 0.2002 -0.1373 0.9701
vn 0.1730 0.2299 0.9577
vn 0.1192 -0.4154 0.9018
vn 0.1668 -0.3817 0.9091
vn 0.0811 -0.5610 0.8238
vn 0.1018 -0.5455 0.8319
vn 0.0779 -0.6918 0.7178
vn 0.0886 -0.7009 0.7077
vn 0.0433 -0.9346 0.3531
vn 0.0106 -0.9998 0.0187
vn 0.0091 -0.9998 0.0184
vn 0.0408 -0.9464 0.3203
vn -0.0000 0.2480 0.9688
vn 0.1171 0.3960 0.9107
vn 0.0734 0.4532 0.8884
vn -0.0000 -0.1409 0.9900
vn -0.0000 -0.4193 0.9078
vn -0.0000 -0.5685 0.8227
vn -0.0000 -0.6933 0.7207
vn -0.0000 -0.9316 0.3635
vn -0.0000 -0.9998 0.0187
vn 0.0104 -0.9998 0.0187
vn -0.0482 0.4859 0.8727
vn -0.0861 0.4440 0.8919
vn -0.1383 0.2405 0.9607
vn -0.1730 0.2300 0.9577
vn -0.2002 -0.1373 0.9701
vn -0.1410 -0.1428 0.9797
vn -0.1668 -0.3817 0.9091
vn -0.1191 -0.4154 0.9018
vn -0.1018 -0.5455 0.8319
vn -0.0811 -0.5610 0.8238
vn -0.0886 -0.7009 0.7077
vn -0.0779 -0.6919 0.7178
vn -0.0432 -0.9346 0.3532
vn -0.0408 -0.9464 0.3203
vn -0.0091 -0.9998 0.0184
vn -0.0105 -0.9998 0.0187
vn -0.0734 0.4532 0.8884
vn -0.1171 0.3960 0.9107
vn -0.8291 -0.1181 -0.5465
vn -0.8293 -0.1243 -0.5448
vn -0.8263 0.0781 -0.5578
vn -0.8267 0.0794 -0.5570
vn -0.7980 0.2188 -0.5615
vn -0.7986 0.2235 -0.5588
vn -0.7518 0.3513 -0.5580
vn -0.7507 0.3572 -0.5557
vn -0.7930 0.4543 -0.4059
vn -0.7756 0.4654 -0.4265
vn -0.9158 0.3800 -0.1299
vn -0.9217 0.3629 -0.1368
vn -0.6135 0.3627 -0.7015
vn -0.5859 0.4182 -0.6941
vn -0.7958 -0.0539 -0.6032
vn -0.7919 -0.0506 -0.6085
vn -0.8401 0.3511 -0.4136
vn -0.8636 0.3684 -0.3443
vn 0.9217 0.3629 -0.1368
vn 0.8636 0.3684 -0.3443
vn 0.8401 0.3511 -0.4136
vn 0.9158 0.3800 -0.1299
vn 0.7507 0.3572 -0.5557
vn 0.7930 0.4543 -0.4059
vn 0.7756 0.4654 -0.4265
vn 0.7518 0.3513 -0.5580
vn 0.7981 0.2188 -0.5615
vn 0.7986 0.2235 -0.5588
vn 0.8263 0.0781 -0.5578
vn 0.8267 0.0794 -0.5570
vn 0.8292 -0.1181 -0.5464
vn 0.8293 -0.1243 -0.5448
vn 0.7919 -0.0506 -0.6085
vn 0.7958 -0.0539 -0.6032
vn 0.6135 0.3627 -0.7015
vn 0.5807 0.4106 -0.7030
vn 0.2317 0.7349 -0.6374
vn 0.1937 0.7457 -0.6375
vn -0.2604 0.8446 -0.4679
vn -0.2032 0.8733 -0.4428
vn 0.0350 -0.3199 -0.9468
vn -0.0197 -0.3192 -0.9475
vn 0.0955 -0.1808 -0.9789
vn 0.0996 0.1499 -0.9837
vn 0.0905 0.4302 -0.8982
vn 0.0822 0.5671 -0.8195
vn 0.0701 0.7085 -0.7022
vn -0.0853 -0.2714 -0.9587
vn -0.1101 -0.1757 -0.9783
vn -0.1100 0.1500 -0.9825
vn -0.0999 0.4301 -0.8972
vn -0.0899 0.5669 -0.8189
vn -0.0771 0.7121 -0.6978
vn -0.0477 0.9456 -0.3217
vn 0.0317 0.9426 -0.3323
vn -0.0400 0.9989 -0.0228
vn 0.0383 0.9991 -0.0171
vn -0.6904 0.1525 -0.7072
vn -0.6933 0.1420 -0.7065
vn 0.6904 0.1525 -0.7072
vn 0.6927 0.1418 -0.7071
vn -0.0016 0.9181 -0.3963
vn 0.0019 0.9226 -0.3858
vn -0.0000 0.4953 0.8687
vn 0.4478 0.4446 0.7757
vn 0.2399 0.8567 0.4567
vn -0.0000 0.8401 0.5424
vn 0.4598 0.4616 0.7586
vn 0.6883 0.3739 0.6217
vn 0.5688 0.4085 0.7138
vn 0.6074 0.3961 0.6886
vn 0.9206 0.2203 0.3224
vn 0.8759 0.2216 0.4285
vn 0.9999 0.0101 0.0075
vn 0.9969 0.0783 -0.0064
vn 0.9976 0.0654 -0.0218
vn -0.0000 0.3698 0.9291
vn 0.4242 0.2992 0.8547
vn 0.4774 0.2504 0.8423
vn -0.0000 0.4371 0.8994
vn 0.4025 0.6993 0.5907
vn -0.0000 0.5071 0.8619
vn -0.0000 0.5435 0.8394
vn 0.6458 0.2684 0.7148
vn 0.8564 0.2443 0.4549
vn 0.9354 0.0105 0.3534
vn 0.8545 0.1095 0.5078
vn 0.6659 -0.2282 0.7103
vn 0.6753 -0.4031 0.6176
vn 0.8135 0.5667 0.1311
vn -0.0000 1.0000 -0.0028
vn -0.0000 0.9529 0.3033
vn 0.7039 0.6046 0.3728
vn 0.9995 -0.0282 0.0122
vn 0.4534 0.4709 0.7568
vn 0.6166 0.2357 0.7512
vn -0.0000 0.6523 0.7580
vn 0.4117 -0.0287 0.9109
vn -0.0000 -0.4797 0.8774
vn -0.0000 -0.3286 0.9445
vn 0.0052 -0.0809 0.9967
vn -0.2399 0.8567 0.4567
vn -0.4478 0.4446 0.7757
vn -0.5688 0.4085 0.7138
vn -0.6883 0.3739 0.6217
vn -0.4598 0.4616 0.7586
vn -0.9206 0.2203 0.3224
vn -0.6074 0.3961 0.6886
vn -0.8759 0.2216 0.4285
vn -0.9969 0.0782 -0.0064
vn -0.9999 0.0102 0.0075
vn -0.9976 0.0654 -0.0218
vn -0.4774 0.2504 0.8423
vn -0.4242 0.2992 0.8547
vn -0.4025 0.6995 0.5905
vn -0.6458 0.2684 0.7148
vn -0.8564 0.2443 0.4549
vn -0.9354 0.0106 0.3534
vn -0.6753 -0.4031 0.6176
vn -0.6689 -0.2359 0.7049
vn -0.8545 0.1095 0.5078
vn -0.8135 0.5667 0.1311
vn -0.7039 0.6046 0.3728
vn -0.9995 -0.0282 0.0122
vn -0.6204 0.2428 0.7458
vn -0.4534 0.4709 0.7568
vn -0.4356 -0.0350 0.8994
vn 0.0028 0.2813 0.9596
vn -0.0614 -0.9044 0.4223
vn -0.0155 -0.9043 0.4265
vn -0.0133 -0.9043 0.4266
vn -0.0176 -0.9175 0.3974
vn 0.0834 -0.9144 0.3961
vn 0.0436 -0.9050 0.4231
vn -0.0194 -0.8968 0.4420
vn 0.0194 -0.8968 0.4420
vn -0.0000 0.9990 -0.0447
vn 0.7659 0.5794 0.2787
vn 0.7436 0.6668 0.0499
vn 0.3183 0.8398 0.4399
vn 0.4338 0.6649 0.6080
vn 0.4635 0.8456 -0.2647
vn 0.0567 0.9964 0.0635
vn 0.2244 0.6918 -0.6864
vn -0.2860 0.8596 -0.4235
vn 0.0953 0.4159 -0.9044
vn -0.4784 0.5397 -0.6927
vn -0.0025 0.3617 -0.9323
vn -0.5128 0.4352 -0.7401
vn 0.9102 0.1707 -0.3773
vn 0.8694 0.1956 -0.4538
vn 0.8033 0.2830 -0.5241
vn 0.7262 0.1602 -0.6685
vn 0.7019 0.1042 -0.7046
vn 0.6401 0.1176 -0.7593
vn 0.8191 -0.0101 -0.5735
vn 0.8192 -0.0101 -0.5735
vn 0.8192 -0.0100 -0.5735
vn 0.0094 0.5887 0.8083
vn -0.1965 0.6782 0.7081
vn -0.3933 0.8562 0.3351
vn -0.7102 0.7032 -0.0321
vn -0.8755 0.4278 -0.2248
vn -0.8691 0.3723 -0.3256
vn -0.7205 0.2151 0.6593
vn -0.6630 0.1900 0.7241
vn -0.7625 0.3022 0.5721
vn -0.8739 0.1798 0.4517
vn -0.9004 0.1240 0.4171
vn -0.9303 0.1369 0.3402
vn -0.8192 0.0101 0.5735
vn -0.8191 0.0101 0.5735
vn -0.8192 0.0100 0.5735
vn -0.8191 0.0100 0.5735
vn 0.9999 0.0005 -0.0165
vn 0.9751 0.2139 -0.0578
vn 0.7565 0.3739 0.5366
vn 0.7967 0.0106 0.6042
vn 0.9064 0.3914 -0.1590
vn 0.6384 0.6791 0.3624
vn 0.8022 0.5119 -0.3073
vn 0.4599 0.8814 0.1077
vn 0.6783 0.5522 -0.4847
vn 0.2505 0.9489 -0.1921
vn 0.5553 0.5064 -0.6597
vn 0.0415 0.8712 -0.4892
vn 0.4510 0.3823 -0.8065
vn -0.1357 0.6604 -0.7386
vn 0.3813 0.1987 -0.9029
vn -0.2540 0.3486 -0.9022
vn 0.3568 -0.0164 -0.9340
vn -0.2956 -0.0167 -0.9552
vn 0.3813 -0.2303 -0.8953
vn -0.2540 -0.3800 -0.8894
vn 0.4510 -0.4103 -0.7926
vn -0.1357 -0.6859 -0.7150
vn 0.5553 -0.5292 -0.6415
vn 0.0415 -0.8878 -0.4584
vn 0.6783 -0.5688 -0.4651
vn 0.2505 -0.9550 -0.1587
vn 0.8014 -0.5231 -0.2901
vn 0.4595 -0.8773 0.1385
vn 0.9057 -0.3990 -0.1433
vn 0.6366 -0.6665 0.3878
vn 0.9754 -0.2154 -0.0470
vn 0.7550 -0.3547 0.5515
vn 0.2537 0.3800 0.8895
vn 0.2952 0.0167 0.9553
vn 0.1353 0.6858 0.7151
vn -0.0418 0.8877 0.4585
vn -0.2508 0.9549 0.1589
vn -0.4598 0.8772 -0.1382
vn -0.6369 0.6665 -0.3875
vn -0.7553 0.3547 -0.5511
vn -0.7968 -0.0106 -0.6041
vn -0.7553 -0.3738 -0.5384
vn -0.6369 -0.6796 -0.3639
vn -0.4598 -0.8815 -0.1074
vn -0.2508 -0.9488 0.1923
vn -0.0418 -0.8711 0.4894
vn 0.1353 -0.6603 0.7387
vn 0.2537 -0.3485 0.9023
vn -0.3878 0.2279 0.8931
vn -0.3636 0.0163 0.9314
vn -0.4567 0.4061 0.7915
vn -0.5599 0.5237 0.6421
vn -0.6817 0.5628 0.4675
vn -0.8034 0.5176 0.2944
vn -0.9066 0.3948 0.1492
vn -0.9755 0.2132 0.0539
vn -0.9997 0.0004 0.0230
vn -0.9755 -0.2112 0.0613
vn -0.9066 -0.3893 0.1629
vn -0.8034 -0.5070 0.3124
vn -0.6816 -0.5461 0.4869
vn -0.5599 -0.5009 0.6600
vn -0.4567 -0.3781 0.8053
vn -0.3878 -0.1965 0.9006
vn 0.8278 -0.0080 -0.5609
vn 0.8287 -0.0010 -0.5597
vn 0.8278 0.0029 -0.5611
vn 0.8233 0.0041 -0.5676
vn 0.8191 0.0052 -0.5737
vn 0.8157 0.0040 -0.5785
vn 0.8129 0.0006 -0.5825
vn 0.8110 -0.0044 -0.5851
vn 0.8103 -0.0103 -0.5859
vn 0.8110 -0.0161 -0.5849
vn 0.8129 -0.0210 -0.5821
vn 0.8157 -0.0243 -0.5780
vn 0.8191 -0.0253 -0.5732
vn 0.8224 -0.0241 -0.5684
vn 0.8253 -0.0207 -0.5644
vn 0.8272 -0.0157 -0.5618
vn -0.8116 0.0156 0.5840
vn -0.8110 0.0103 0.5849
vn -0.8134 0.0201 0.5814
vn -0.8160 0.0231 0.5776
vn -0.8191 0.0241 0.5732
vn -0.8222 0.0229 0.5688
vn -0.8248 0.0198 0.5651
vn -0.8265 0.0152 0.5627
vn -0.8271 0.0099 0.5619
vn -0.8265 0.0045 0.5629
vn -0.8248 -0.0000 0.5655
vn -0.8222 -0.0030 0.5693
vn -0.8191 -0.0040 0.5737
vn -0.8160 -0.0028 0.5781
vn -0.8134 0.0003 0.5817
vn -0.8116 0.0049 0.5842
vn 0.6821 -0.0111 -0.7312
vn 0.6973 -0.0886 -0.7113
vn 0.7220 -0.1546 -0.6744
vn 0.7551 -0.2041 -0.6230
vn 0.8010 -0.2189 -0.5572
vn 0.8469 -0.2018 -0.4919
vn 0.8858 -0.1555 -0.4371
vn 0.9118 -0.0871 -0.4012
vn 0.9210 -0.0068 -0.3896
vn 0.9118 0.0729 -0.4040
vn 0.8858 0.1401 -0.4423
vn 0.8469 0.1844 -0.4987
vn 0.8010 0.1992 -0.5645
vn 0.7552 0.1821 -0.6297
vn 0.7163 0.1359 -0.6845
vn 0.6903 0.0674 -0.7204
vn -0.9059 -0.0664 0.4184
vn -0.9143 0.0071 0.4051
vn -0.8819 -0.1282 0.4536
vn -0.8461 -0.1690 0.5055
vn -0.8038 -0.1826 0.5661
vn -0.7616 -0.1669 0.6262
vn -0.7257 -0.1243 0.6767
vn -0.7018 -0.0613 0.7097
vn -0.6934 0.0126 0.7205
vn -0.7018 0.0861 0.7072
vn -0.7257 0.1480 0.6719
vn -0.7616 0.1888 0.6200
vn -0.8038 0.2024 0.5594
vn -0.8461 0.1867 0.4993
vn -0.8819 0.1440 0.4489
vn -0.9059 0.0810 0.4158
vn -0.7875 -0.0108 -0.6162
vn -0.7457 -0.3758 -0.5502
vn -0.6268 -0.6831 -0.3749
vn -0.4488 -0.8859 -0.1171
vn -0.2388 -0.9535 0.1840
vn -0.0289 -0.8754 0.4825
vn 0.1491 -0.6636 0.7330
vn 0.2681 -0.3504 0.8974
vn 0.3098 0.0167 0.9506
vn 0.2681 0.3816 0.8846
vn 0.1491 0.6889 0.7093
vn -0.0289 0.8918 0.4515
vn -0.2388 0.9593 0.1504
vn -0.4488 0.8813 -0.1481
vn -0.6268 0.6695 -0.3986
vn -0.7457 0.3562 -0.5630
vn 0.1779 -0.2945 -0.9389
vn 0.1461 -0.0173 -0.9891
vn 0.2682 -0.5279 -0.8058
vn 0.4034 -0.6820 -0.6100
vn 0.5629 -0.7333 -0.3813
vn 0.7223 -0.6740 -0.1546
vn 0.8575 -0.5132 0.0357
vn 0.9479 -0.2753 0.1605
vn 0.9796 0.0035 0.2009
vn 0.9479 0.2807 0.1508
vn 0.8575 0.5141 0.0177
vn 0.7223 0.6682 -0.1781
vn 0.5629 0.7195 -0.4068
vn 0.4034 0.6602 -0.6335
vn 0.2682 0.4994 -0.8238
vn 0.1779 0.2614 -0.9487
vn 0.8127 -0.0148 -0.5824
vn 0.8122 -0.0102 -0.5833
vn 0.8142 -0.0187 -0.5803
vn 0.8165 -0.0212 -0.5770
vn 0.8191 -0.0221 -0.5732
vn 0.8217 -0.0211 -0.5695
vn 0.8240 -0.0184 -0.5663
vn 0.8255 -0.0145 -0.5643
vn 0.8260 -0.0099 -0.5636
vn 0.8255 -0.0053 -0.5644
vn 0.8240 -0.0014 -0.5666
vn 0.8217 0.0011 -0.5699
vn 0.8191 0.0020 -0.5737
vn 0.8165 0.0010 -0.5774
vn 0.8142 -0.0017 -0.5806
vn 0.8127 -0.0056 -0.5826
vn 0.7915 0.3651 0.4901
vn 0.8322 0.0097 0.5544
vn 0.9929 0.0021 0.1190
vn 0.9638 0.2566 0.0729
vn 0.6757 0.6644 0.3194
vn 0.8808 0.4708 -0.0493
vn 0.5023 0.8620 0.0684
vn 0.7567 0.6123 -0.2290
vn 0.2979 0.9277 -0.2249
vn 0.6103 0.6594 -0.4390
vn 0.0934 0.8517 -0.5156
vn 0.4639 0.6050 -0.6471
vn -0.0799 0.6455 -0.7596
vn 0.3398 0.4573 -0.8218
vn -0.1958 0.3404 -0.9197
vn 0.2569 0.2389 -0.9365
vn -0.2365 -0.0170 -0.9715
vn 0.2278 -0.0171 -0.9736
vn -0.1958 -0.3724 -0.9072
vn 0.2569 -0.2715 -0.9275
vn -0.0799 -0.6717 -0.7365
vn 0.3398 -0.4858 -0.8053
vn 0.0934 -0.8693 -0.4854
vn 0.4639 -0.6273 -0.6256
vn 0.2979 -0.9350 -0.1922
vn 0.6103 -0.6743 -0.4156
vn 0.5024 -0.8590 0.0985
vn 0.7567 -0.6199 -0.2075
vn 0.6757 -0.6528 0.3425
vn 0.8808 -0.4723 -0.0328
vn 0.7915 -0.3477 0.5026
vn 0.9638 -0.2538 0.0819
vn 0.8730 -0.0085 -0.4876
vn 0.8683 0.0298 -0.4952
vn 0.8550 0.0609 -0.5150
vn 0.8366 0.0812 -0.5418
vn 0.8152 0.0879 -0.5724
vn 0.7938 0.0801 -0.6028
vn 0.7753 0.0589 -0.6288
vn 0.7617 0.0271 -0.6473
vn 0.7569 -0.0115 -0.6535
vn 0.7617 -0.0498 -0.6460
vn 0.7753 -0.0809 -0.6264
vn 0.7938 -0.1012 -0.5996
vn 0.8152 -0.1079 -0.5690
vn 0.8366 -0.1001 -0.5386
vn 0.8550 -0.0789 -0.5126
vn 0.8683 -0.0472 -0.4938
vn 0.8164 -0.0101 -0.5775
vn 0.8191 -0.0101 -0.5736
vn 0.8196 -0.0100 -0.5729
vn 0.8219 -0.0100 -0.5695
vn 0.5736 0.0144 0.8190
vn 0.5299 0.3959 0.7500
vn -0.0764 0.3279 0.9416
vn -0.0213 0.0175 0.9996
vn 0.4056 0.7171 0.5667
vn -0.1934 0.5715 0.7975
vn 0.2195 0.9292 0.2972
vn -0.3396 0.7320 0.5906
vn -0.0000 0.9998 -0.0175
vn -0.5110 0.7877 0.3441
vn -0.2195 0.9182 -0.3296
vn -0.6831 0.7234 0.1001
vn -0.4056 0.6968 -0.5915
vn -0.8248 0.5557 -0.1041
vn -0.5299 0.3694 -0.7634
vn -0.9162 0.3068 -0.2576
vn -0.5736 -0.0144 -0.8190
vn -0.9468 -0.0056 -0.3218
vn -0.5299 -0.3959 -0.7500
vn -0.9162 -0.3157 -0.2467
vn -0.4056 -0.7172 -0.5668
vn -0.8248 -0.5590 -0.0846
vn -0.2195 -0.9292 -0.2972
vn -0.6831 -0.7195 0.1254
vn -0.0000 -0.9998 0.0175
vn -0.5110 -0.7751 0.3715
vn 0.2195 -0.9182 0.3296
vn -0.3396 -0.7109 0.6159
vn 0.4056 -0.6968 0.5915
vn -0.1934 -0.5432 0.8170
vn 0.5299 -0.3694 0.7634
vn -0.0764 -0.2946 0.9526
vn -0.7305 0.0120 0.6828
vn -0.7697 0.0112 0.6383
vn -0.8631 0.0089 0.5049
vn -0.8916 0.0079 0.4528
vn -0.9563 0.0548 -0.2872
vn -0.7947 -0.6048 -0.0514
vn -0.2023 0.6231 0.7555
vn -0.6901 0.7220 0.0500
vn -0.3526 -0.7423 0.5697
vn -0.0560 -0.1373 0.9889
vn -0.2473 0.8960 -0.3689
vn -0.5719 0.0618 -0.8180
vn 0.5625 -0.1813 0.8067
vn 0.3687 0.7752 0.5130
vn 0.1833 -0.9428 0.2783
vn -0.3687 -0.7752 -0.5130
vn 0.5454 0.4279 0.7207
vn 0.9477 0.2692 -0.1714
vn 0.9497 0.2809 -0.1385
vn 0.4991 0.4236 0.7559
vn 0.4368 -0.1452 -0.8877
vn 0.4172 -0.1546 -0.8956
vn -0.4992 -0.4236 -0.7559
vn -0.5454 -0.4279 -0.7207
vn -0.9497 -0.2809 0.1385
vn -0.9477 -0.2692 0.1714
vn -0.4172 0.1546 0.8956
vn -0.4368 0.1453 0.8877
vn 0.5809 -0.2084 0.7868
vn 0.9306 -0.3550 0.0888
vn 0.8916 -0.4274 0.1494
vn 0.5303 -0.3051 0.7910
vn 0.5163 -0.6973 -0.4972
vn 0.4929 -0.7599 -0.4237
vn -0.2460 -0.8908 -0.3821
vn -0.2289 -0.9318 -0.2818
vn -0.5887 -0.7438 0.3164
vn -0.5071 -0.7845 0.3569
vn -0.1771 -0.4049 0.8970
vn -0.1453 -0.4886 0.8604
vn 0.9662 -0.2531 0.0496
vn 0.5843 -0.0858 0.8070
vn 0.5147 -0.6232 -0.5889
vn -0.3179 -0.8243 -0.4684
vn -0.6963 -0.6567 0.2895
vn -0.2458 -0.2887 0.9253
vn 0.9549 0.2656 -0.1328
vn 0.5049 0.4170 0.7558
vn 0.4238 -0.1608 -0.8913
vn -0.5437 -0.4199 -0.7267
vn -0.9530 -0.2540 0.1653
vn -0.4356 0.1554 0.8866
vn 0.5540 0.2727 0.7866
vn -0.0607 0.2222 0.9731
vn -0.1783 -0.5460 0.8186
vn 0.1484 0.9695 0.1951
vn -0.3820 0.7744 0.5044
vn -0.8211 0.5583 -0.1189
vn -0.5540 -0.2727 -0.7866
vn -0.9387 -0.2099 -0.2735
vn -0.1485 -0.9695 -0.1950
vn -0.6173 -0.7621 0.1953
vn -0.1485 0.9621 -0.2289
vn -0.6173 0.7685 0.1684
vn -0.1783 0.5744 0.7989
vn -0.5540 0.2449 -0.7956
vn -0.9387 0.2002 -0.2807
vn -0.4056 -0.7172 -0.5667
vn -0.8211 -0.5621 -0.0993
vn 0.1485 -0.9621 0.2289
vn -0.3821 -0.7562 0.5312
vn 0.5541 -0.2449 0.7956
vn -0.0607 -0.1879 0.9803
vn 0.5468 -0.0111 0.8372
vn 0.2631 -0.8701 0.4168
vn 0.2783 -0.8539 0.4398
vn 0.5466 0.0154 0.8373
vn -0.2695 -0.8766 -0.3986
vn -0.2692 -0.8773 -0.3973
vn -0.5466 -0.0453 -0.8362
vn -0.5472 -0.0146 -0.8369
vn -0.2854 0.8466 -0.4493
vn -0.2703 0.8632 -0.4264
vn 0.2738 0.8715 0.4068
vn 0.2761 0.8689 0.4109
vn 0.5523 0.2836 0.7839
vn 0.9858 0.1339 -0.1016
vn 0.9853 0.1323 -0.1077
vn 0.4360 -0.1497 -0.8874
vn 0.4305 -0.1512 -0.8899
vn -0.5523 -0.2836 -0.7839
vn -0.9853 -0.1323 0.1077
vn -0.9858 -0.1339 0.1016
vn -0.4305 0.1512 0.8899
vn -0.4360 0.1497 0.8874
vn 0.5575 0.0143 0.8300
vn 0.9616 0.0265 0.2730
vn 0.6059 0.7557 0.2485
vn 0.5122 0.6279 0.5860
vn 0.4774 -0.7023 0.5281
vn 0.6080 -0.7312 0.3094
vn 0.9939 0.0879 -0.0667
vn 0.5806 0.8060 -0.1153
vn 0.6184 -0.7754 0.1278
vn -0.2472 0.7271 0.6405
vn -0.3600 0.0285 0.9325
vn -0.4053 0.8896 -0.2108
vn -0.3781 0.9108 0.1655
vn -0.3127 -0.7430 0.5917
vn -0.5910 -0.7596 0.2714
vn -0.5942 -0.7929 0.1351
vn 0.9494 -0.2558 -0.1820
vn 0.4764 -0.5917 -0.6504
vn 0.5225 -0.5775 -0.6272
vn 0.9978 -0.0517 0.0416
vn -0.5152 -0.5134 -0.6863
vn -0.4817 -0.5280 -0.6994
vn -0.9847 0.1551 0.0791
vn -0.9965 0.0679 -0.0490
vn -0.3434 0.6125 0.7120
vn -0.4764 0.5912 0.6508
vn 0.7211 0.3950 0.5692
vn 0.5078 0.5310 0.6784
vn 0.5472 -0.8357 -0.0469
vn 0.9876 -0.0037 -0.1571
vn 0.6436 0.6929 -0.3250
vn -0.5726 -0.8190 -0.0376
vn -0.3862 0.8629 -0.3258
vn 0.5781 -0.7941 -0.1875
vn 0.9954 -0.0149 -0.0951
vn 0.6526 0.7570 -0.0330
vn -0.3031 -0.9231 -0.2365
vn -0.3187 0.9478 0.0079
vn 0.5801 -0.7092 -0.4006
vn 0.9997 -0.0224 -0.0055
vn 0.6174 0.6815 0.3929
vn -0.3049 -0.8150 -0.4927
vn -0.3388 0.8079 0.4822
vn 0.5808 -0.6115 -0.5374
vn 0.9959 0.0681 0.0598
vn 0.4437 0.6732 0.5916
vn -0.3421 -0.7058 -0.6203
vn -0.3495 0.7038 0.6185
vn -0.9582 0.1830 0.2197
vn -0.9925 0.1221 -0.0070
vn -0.9837 0.1115 -0.1414
vn -0.9880 -0.0589 -0.1429
vn -0.9979 0.0486 0.0427
vn -0.9961 -0.0784 -0.0409
vn 0.6100 0.0139 0.7923
vn 0.6100 0.6931 0.3841
vn -0.0000 0.8747 0.4848
vn -0.0000 0.0175 0.9998
vn 0.6100 0.6792 -0.4082
vn -0.0000 0.8571 -0.5151
vn 0.6100 -0.0139 -0.7923
vn -0.0000 -0.0175 -0.9998
vn 0.6100 -0.6931 -0.3841
vn -0.0000 -0.8747 -0.4848
vn 0.6100 -0.6792 0.4082
vn -0.0000 -0.8571 0.5151
vn 0.6908 -0.6829 0.2378
vn 0.7678 0.5784 -0.2756
vn 0.6405 0.6830 0.3511
vn 0.6892 -0.4445 0.5722
vn -0.0817 0.9434 -0.3213
vn 0.1724 0.7570 0.6303
vn 0.2204 -0.5099 0.8315
vn 0.1017 -0.9128 0.3956
vn 0.8285 0.0106 0.5599
vn 0.8297 0.2239 0.5113
vn 0.3084 0.3798 0.8722
vn 0.3057 0.0167 0.9520
vn 0.8296 0.4011 0.3885
vn 0.3082 0.6843 0.6608
vn 0.8283 0.5208 0.2065
vn 0.3061 0.8857 0.3492
vn 0.8281 0.5605 -0.0098
vn 0.3058 0.9520 -0.0167
vn 0.8281 0.5141 -0.2236
vn 0.3058 0.8731 -0.3797
vn 0.8281 0.3894 -0.4033
vn 0.3058 0.6613 -0.6849
vn 0.8281 0.2054 -0.5216
vn 0.3058 0.3489 -0.8859
vn 0.8281 -0.0098 -0.5605
vn 0.3058 -0.0167 -0.9520
vn 0.8281 -0.2236 -0.5141
vn 0.3058 -0.3797 -0.8731
vn 0.8281 -0.4033 -0.3894
vn 0.3058 -0.6849 -0.6613
vn 0.8281 -0.5216 -0.2054
vn 0.3058 -0.8859 -0.3489
vn 0.8281 -0.5605 0.0098
vn 0.3058 -0.9520 0.0167
vn 0.8281 -0.5141 0.2236
vn 0.3058 -0.8731 0.3797
vn 0.8281 -0.3894 0.4033
vn 0.3058 -0.6613 0.6849
vn 0.8281 -0.2054 0.5216
vn 0.3058 -0.3489 0.8859
vn -0.3062 0.3797 0.8730
vn -0.3062 0.0167 0.9518
vn -0.3062 0.6848 0.6612
vn -0.3062 0.8858 0.3488
vn -0.3062 0.9518 -0.0167
vn -0.3062 0.8730 -0.3797
vn -0.3062 0.6612 -0.6848
vn -0.3062 0.3488 -0.8858
vn -0.3062 -0.0167 -0.9518
vn -0.3062 -0.3797 -0.8730
vn -0.3062 -0.6848 -0.6612
vn -0.3062 -0.8858 -0.3488
vn -0.3062 -0.9518 0.0167
vn -0.3062 -0.8730 0.3797
vn -0.3062 -0.6612 0.6848
vn -0.3062 -0.3488 0.8858
vn -0.8321 0.2212 0.5086
vn -0.8321 0.0097 0.5545
vn -0.8321 0.3990 0.3852
vn -0.8321 0.5160 0.2032
vn -0.8321 0.5545 -0.0097
vn -0.8321 0.5086 -0.2212
vn -0.8321 0.3852 -0.3990
vn -0.8321 0.2032 -0.5160
vn -0.8321 -0.0097 -0.5545
vn -0.8321 -0.2212 -0.5086
vn -0.8321 -0.3990 -0.3852
vn -0.8321 -0.5160 -0.2032
vn -0.8321 -0.5545 0.0097
vn -0.8321 -0.5086 0.2212
vn -0.8321 -0.3852 0.3990
vn -0.8321 -0.2032 0.5160
vn 0.9999 0.0021 0.0154
vn 0.9998 0.0091 0.0167
vn 0.9998 0.0130 0.0151
vn 0.9999 0.0144 0.0074
vn 0.9999 0.0153 -0.0003
vn 0.9999 0.0140 -0.0061
vn 0.9999 0.0106 -0.0110
vn 0.9999 0.0056 -0.0142
vn 0.9999 -0.0003 -0.0153
vn 0.9999 -0.0061 -0.0140
vn 0.9999 -0.0110 -0.0106
vn 0.9999 -0.0142 -0.0056
vn 0.9999 -0.0153 0.0003
vn 0.9999 -0.0140 0.0061
vn 0.9999 -0.0106 0.0110
vn 0.9999 -0.0056 0.0142
vn -0.9999 0.0056 0.0129
vn -0.9999 0.0002 0.0140
vn -0.9999 0.0101 0.0098
vn -0.9999 0.0131 0.0051
vn -0.9999 0.0140 -0.0002
vn -0.9999 0.0129 -0.0056
vn -0.9999 0.0098 -0.0101
vn -0.9999 0.0051 -0.0131
vn -0.9999 -0.0002 -0.0140
vn -0.9999 -0.0056 -0.0129
vn -0.9999 -0.0101 -0.0098
vn -0.9999 -0.0131 -0.0051
vn -0.9999 -0.0140 0.0002
vn -0.9999 -0.0129 0.0056
vn -0.9999 -0.0098 0.0101
vn -0.9999 -0.0051 0.0131
vn 0.9781 -0.0019 -0.2080
vn 0.9800 -0.0794 -0.1825
vn 0.9798 -0.1451 -0.1378
vn 0.9779 -0.1945 -0.0766
vn 0.9779 -0.2090 0.0037
vn 0.9779 -0.1917 0.0834
vn 0.9779 -0.1452 0.1504
vn 0.9779 -0.0766 0.1945
vn 0.9779 0.0037 0.2090
vn 0.9779 0.0834 0.1917
vn 0.9779 0.1504 0.1452
vn 0.9779 0.1945 0.0766
vn 0.9779 0.2090 -0.0037
vn 0.9779 0.1917 -0.0834
vn 0.9779 0.1452 -0.1504
vn 0.9779 0.0766 -0.1945
vn -0.9813 -0.0768 -0.1766
vn -0.9813 -0.0034 -0.1925
vn -0.9813 -0.1385 -0.1337
vn -0.9813 -0.1791 -0.0706
vn -0.9813 -0.1925 0.0034
vn -0.9813 -0.1766 0.0768
vn -0.9813 -0.1337 0.1385
vn -0.9813 -0.0706 0.1792
vn -0.9813 0.0034 0.1925
vn -0.9813 0.0768 0.1766
vn -0.9813 0.1385 0.1338
vn -0.9813 0.1792 0.0706
vn -0.9813 0.1925 -0.0034
vn -0.9813 0.1766 -0.0768
vn -0.9813 0.1337 -0.1385
vn -0.9813 0.0706 -0.1791
vn -0.2915 -0.0168 -0.9564
vn -0.2916 -0.3815 -0.8772
vn -0.2916 -0.6881 -0.6644
vn -0.2915 -0.8900 -0.3505
vn -0.2916 -0.9564 0.0168
vn -0.2915 -0.8772 0.3815
vn -0.2915 -0.6644 0.6881
vn -0.2915 -0.3505 0.8900
vn -0.2916 0.0168 0.9564
vn -0.2916 0.3815 0.8772
vn -0.2915 0.6881 0.6644
vn -0.2915 0.8900 0.3505
vn -0.2915 0.9564 -0.0168
vn -0.2916 0.8772 -0.3815
vn -0.2915 0.6644 -0.6881
vn -0.2915 0.3505 -0.8900
vn 0.6871 -0.2898 -0.6662
vn 0.6871 -0.0127 -0.7264
vn 0.6871 -0.2897 -0.6662
vn 0.6871 -0.5227 -0.5046
vn 0.6871 -0.6760 -0.2662
vn 0.6871 -0.7264 0.0127
vn 0.6871 -0.6662 0.2898
vn 0.6871 -0.5046 0.5227
vn 0.6871 -0.2662 0.6760
vn 0.6871 0.0127 0.7264
vn 0.6871 0.2898 0.6662
vn 0.6871 0.5227 0.5046
vn 0.6871 0.6760 0.2662
vn 0.6871 0.7264 -0.0127
vn 0.6871 0.6662 -0.2898
vn 0.6871 0.5046 -0.5227
vn 0.6871 0.2662 -0.6760
vn 0.9999 -0.0048 -0.0110
vn 0.9999 -0.0002 -0.0120
vn 0.9999 -0.0086 -0.0084
vn 0.9999 -0.0112 -0.0044
vn 0.9999 -0.0120 0.0002
vn 0.9999 -0.0110 0.0048
vn 0.9999 -0.0084 0.0086
vn 0.9999 -0.0044 0.0112
vn 0.9999 0.0002 0.0120
vn 0.9999 0.0048 0.0110
vn 0.9999 0.0086 0.0084
vn 0.9999 0.0112 0.0044
vn 0.9999 0.0120 -0.0002
vn 0.9999 0.0110 -0.0048
vn 0.9999 0.0084 -0.0086
vn 0.9999 0.0044 -0.0112
vn 0.3636 0.3715 0.8543
vn 0.3636 0.0163 0.9314
vn 0.7451 0.0117 0.6669
vn 0.7451 0.2660 0.6116
vn 0.3636 0.6701 0.6471
vn 0.7451 0.4798 0.4633
vn 0.3637 0.8667 0.3413
vn 0.7451 0.6206 0.2444
vn 0.3636 0.9314 -0.0163
vn 0.7451 0.6669 -0.0117
vn 0.3636 0.8543 -0.3715
vn 0.7451 0.6116 -0.2660
vn 0.3636 0.6471 -0.6701
vn 0.7451 0.4633 -0.4798
vn 0.3637 0.3413 -0.8667
vn 0.7451 0.2444 -0.6206
vn 0.3636 -0.0163 -0.9314
vn 0.7451 -0.0117 -0.6669
vn 0.3636 -0.3715 -0.8543
vn 0.7451 -0.2660 -0.6116
vn 0.3636 -0.6701 -0.6471
vn 0.7451 -0.4798 -0.4633
vn 0.3637 -0.8667 -0.3413
vn 0.7451 -0.6206 -0.2444
vn 0.3636 -0.9314 0.0163
vn 0.7451 -0.6669 0.0117
vn 0.3636 -0.8543 0.3715
vn 0.7451 -0.6116 0.2660
vn 0.3636 -0.6471 0.6701
vn 0.7451 -0.4633 0.4798
vn 0.3636 -0.3414 0.8668
vn 0.7451 -0.2444 0.6206
vn 0.9948 0.0018 0.1014
vn 0.9950 0.0403 0.0919
vn 0.9951 0.0711 0.0682
vn 0.9952 0.0913 0.0356
vn 0.9952 0.0979 -0.0017
vn 0.9952 0.0900 -0.0388
vn 0.9951 0.0687 -0.0707
vn 0.9949 0.0368 -0.0936
vn 0.9949 -0.0018 -0.1013
vn 0.9950 -0.0403 -0.0919
vn 0.9951 -0.0711 -0.0682
vn 0.9952 -0.0913 -0.0356
vn 0.9952 -0.0979 0.0017
vn 0.9952 -0.0900 0.0388
vn 0.9951 -0.0687 0.0707
vn 0.9949 -0.0368 0.0936
vn 1.0000 -0.0001 -0.0049
vn 1.0000 -0.0000 -0.0003
vn 1.0000 -0.0000 -0.0000
vn 1.0000 -0.0000 0.0008
vn 1.0000 0.0001 0.0049
vn -1.0000 -0.0000 -0.0000
vn -0.0000 0.3988 0.9170
vn -0.6059 0.3241 0.7265
vn -0.5909 0.0141 0.8066
vn -0.0000 0.7194 0.6946
vn -0.6215 0.5670 0.5405
vn -0.0000 0.9304 0.3664
vn -0.6243 0.7267 0.2867
vn -0.6239 0.7814 -0.0137
vn -0.0000 0.9170 -0.3988
vn -0.6243 0.7162 -0.3120
vn -0.0000 0.6946 -0.7194
vn -0.6215 0.5477 -0.5601
vn -0.0000 0.3664 -0.9304
vn -0.6059 0.2984 -0.7374
vn -0.5909 -0.0141 -0.8066
vn -0.0000 -0.3988 -0.9170
vn -0.6059 -0.3241 -0.7265
vn -0.0000 -0.7194 -0.6946
vn -0.6215 -0.5670 -0.5405
vn -0.0000 -0.9304 -0.3664
vn -0.6243 -0.7267 -0.2867
vn -0.6239 -0.7814 0.0137
vn -0.0000 -0.9170 0.3988
vn -0.6243 -0.7162 0.3120
vn -0.0000 -0.6946 0.7194
vn -0.6215 -0.5477 0.5601
vn -0.0000 -0.3664 0.9304
vn -0.6059 -0.2984 0.7374
vn -0.9901 0.0025 0.1404
vn -0.9967 0.0014 0.0814
vn -0.9967 -0.0014 -0.0814
vn -0.9901 -0.0025 -0.1404
vn -0.0093 0.9882 0.1527
vn -0.0469 0.9849 0.1669
vn -0.0480 0.9887 0.1420
vn -0.0054 0.9924 0.1232
vn -0.8282 0.0978 -0.5518
vn -0.8247 0.0987 -0.5569
vn -0.7206 -0.1210 0.6827
vn -0.6928 -0.1259 0.7101
vn -0.0000 -0.1745 0.9847
vn 0.7071 -0.1234 0.6962
vn 0.7071 -0.1234 0.6963
vn 0.8208 0.0997 -0.5625
vn 0.8324 0.0967 -0.5457
vn 0.1806 0.1717 -0.9685
vn -0.1923 0.1713 -0.9663
vn -0.1806 0.1717 -0.9685
vn 0.1923 0.1713 -0.9663
vn -0.0073 0.9863 0.1647
vn -0.0510 0.9834 0.1743
vn -0.0598 0.9900 0.1280
vn -0.0000 0.9935 0.1134
vn -0.0256 0.7243 0.6890
vn -0.0160 0.7199 0.6939
vn -0.0374 0.8897 0.4551
vn -0.0496 0.8940 0.4454
vn -0.0067 0.5006 0.8656
vn -0.0192 0.6269 -0.7788
vn -0.0122 0.6360 -0.7716
vn -0.0224 0.4997 -0.8659
vn -0.0272 0.4970 -0.8673
vn -0.0091 0.7465 -0.6653
vn -0.0000 0.7517 -0.6595
vn -0.7071 0.0124 0.7070
vn -0.6710 0.3270 0.6654
vn -0.6826 0.6011 -0.4156
vn -0.8600 -0.0089 -0.5102
vn 0.1868 0.6425 -0.7432
vn 0.2473 -0.0170 -0.9688
vn -0.2473 -0.0170 -0.9688
vn -0.1868 0.6425 -0.7432
vn 0.8600 -0.0089 -0.5102
vn 0.6826 0.6011 -0.4156
vn 0.6710 0.3270 0.6654
vn 0.7071 0.0124 0.7070
vn 0.2877 -0.3083 0.9068
vn 0.2248 -0.8972 0.3802
vn 0.8712 -0.2467 -0.4244
vn 0.9341 0.3422 0.1022
vn -0.3860 -0.9141 -0.1242
vn 0.2604 -0.2636 -0.9288
vn -0.9341 -0.3422 -0.1022
vn -0.2877 0.3083 -0.9068
vn -0.8713 0.2466 0.4244
vn -0.2248 0.8972 -0.3802
vn -0.2604 0.2636 0.9288
vn 0.3860 0.9141 0.1242
vn 0.8072 0.0599 0.5872
vn 0.7281 -0.6812 -0.0755
vn 0.8707 -0.2166 -0.4416
vn 0.9318 0.3562 0.0705
vn -0.0407 -0.7026 -0.7105
vn 0.2765 -0.2331 -0.9323
vn -0.7305 0.0173 -0.6827
vn -0.2566 0.3232 -0.9109
vn -0.6515 0.7584 -0.0199
vn -0.1955 0.8960 -0.3987
vn 0.1174 0.7798 0.6150
vn 0.3987 0.9125 0.0920
vn 0.7305 -0.0173 0.6827
vn 0.0407 0.7026 0.7105
vn -0.2765 0.2331 0.9323
vn 0.2566 -0.3232 0.9109
vn -0.7281 0.6813 0.0755
vn -0.8707 0.2166 0.4416
vn -0.8072 -0.0599 -0.5872
vn -0.9318 -0.3562 -0.0705
vn -0.1174 -0.7797 -0.6150
vn -0.3987 -0.9125 -0.0920
vn 0.6515 -0.7584 0.0200
vn 0.1955 -0.8960 0.3987
vn -0.7683 -0.5213 0.3714
vn -0.9888 0.1376 0.0586
vn -0.8504 -0.1868 -0.4919
vn -0.6132 -0.7079 -0.3506
vn -0.4782 -0.0317 0.8777
vn -0.7740 0.3719 0.5125
vn -0.1018 -0.8775 0.4686
vn -0.1344 -0.9882 -0.0734
vn -0.0225 -0.4054 0.9139
vn 0.7683 0.5213 -0.3714
vn 0.5794 0.2408 -0.7787
vn 0.1808 0.5094 -0.8413
vn 0.3309 0.7664 -0.5506
vn 0.7419 0.6557 0.1400
vn 0.1613 0.9799 0.1172
vn 0.9879 0.1284 -0.0869
vn 0.7472 -0.3635 -0.5564
vn 0.9208 0.2381 0.3088
vn -0.6329 0.7053 -0.3193
vn -0.5151 0.1590 -0.8423
vn -0.3800 0.8384 0.3907
vn 0.0955 0.4804 0.8718
vn 0.5151 -0.1590 0.8423
vn 0.6329 -0.7053 0.3193
vn 0.3800 -0.8384 -0.3907
vn -0.0955 -0.4804 -0.8718
vn -0.5074 -0.2235 0.8322
vn -0.1894 -0.0329 0.9814
vn -0.1853 -0.0306 0.9822
vn 0.1627 0.1650 0.9728
vn -0.2757 -0.8760 0.3956
vn 0.0943 -0.9585 0.2692
vn 0.0988 -0.9585 0.2673
vn 0.4529 -0.8862 0.0976
vn 0.9886 -0.0136 0.1498
vn 0.9463 -0.1829 0.2665
vn 0.9418 -0.1944 0.2742
vn 0.8553 -0.3545 0.3779
vn 0.0228 -0.6973 0.7164
vn -0.5998 -0.5581 0.5734
vn -0.7043 -0.7098 0.0128
vn 0.7043 -0.7098 0.0124
vn 0.5516 -0.5807 0.5987
vn -0.0228 -0.7220 -0.6916
vn -0.5516 -0.6014 -0.5780
vn 0.5998 -0.5778 -0.5535
vn -0.5079 0.8606 0.0367
vn -0.4715 0.7258 0.5009
vn -0.0802 0.8670 0.4918
vn 0.5079 0.8588 -0.0668
vn 0.5885 0.6008 0.5411
vn 0.0802 0.8492 -0.5219
vn -0.5884 0.5815 -0.5618
vn 0.4715 0.7078 -0.5260
vn 0.7071 -0.0124 -0.7070
vn -0.7071 -0.0124 -0.7070
vn 0.5697 -0.8171 -0.0879
vn 0.8217 -0.5308 -0.2074
vn 0.8240 -0.5268 -0.2087
vn 0.9429 -0.1554 -0.2945
vn -0.1024 -0.8253 -0.5553
vn -0.2168 -0.5414 -0.8123
vn -0.2180 -0.5375 -0.8146
vn -0.2973 -0.1667 -0.9401
vn 0.2183 0.6848 -0.6952
vn 0.2347 0.5185 -0.8222
vn 0.2355 0.5059 -0.8298
vn 0.2408 0.3159 -0.9177
vn 0.5736 -0.8190 0.0144
vn 0.4257 -0.5559 0.7140
vn -0.1655 -0.7994 0.5776
vn -0.1697 -0.9853 0.0173
vn 0.9841 -0.1775 0.0031
vn 0.7909 -0.1575 0.5913
vn 0.3884 -0.6067 -0.6936
vn -0.1128 -0.8108 -0.5744
vn 0.8172 -0.1312 -0.5613
vn -0.5736 0.8190 -0.0144
vn -0.9500 0.3121 0.0109
vn -0.7967 0.2441 0.5528
vn -0.4931 0.6415 0.5877
vn 0.0319 0.9989 -0.0338
vn 0.1430 0.8313 0.5371
vn -0.4244 0.6685 -0.6107
vn -0.8211 0.1370 -0.5541
vn 0.0523 0.8190 -0.5715
vn -0.5792 -0.3931 0.7141
vn 0.5792 0.4179 0.6999
vn 0.8191 0.5735 -0.0101
vn 0.5792 0.3931 -0.7141
vn -0.5792 -0.4179 -0.6999
vn -0.8191 -0.5735 0.0100
vn 0.9344 -0.3428 -0.0963
vn 0.9754 0.0357 -0.2174
vn 0.9750 0.0403 -0.2187
vn 0.8586 0.4125 -0.3045
vn -0.2208 0.6840 -0.6952
vn -0.1133 0.5568 -0.8229
vn -0.1056 0.5469 -0.8305
vn 0.0068 0.3941 -0.9191
vn 0.3840 -0.7365 -0.5569
vn 0.1248 -0.5704 -0.8118
vn 0.1215 -0.5678 -0.8141
vn -0.1574 -0.3100 -0.9376
vn 0.9077 0.2530 -0.3349
vn 0.8795 0.2132 0.4255
vn 0.8542 -0.4272 0.2963
vn 0.8156 -0.5017 -0.2881
vn 0.4729 0.8609 -0.1876
vn 0.6037 0.6928 0.3944
vn 0.4089 0.1459 -0.9008
vn 0.4694 -0.3937 -0.7903
vn 0.1770 0.7146 -0.6767
vn -0.9077 -0.2530 0.3349
vn -0.6392 -0.7080 0.3002
vn -0.3604 -0.6290 0.6888
vn -0.5861 -0.2864 0.7579
vn -0.9217 0.2729 0.2756
vn -0.4911 0.4287 0.7583
vn -0.9719 -0.1479 -0.1832
vn -0.5822 -0.7279 -0.3623
vn -0.9410 0.2663 -0.2087
vn 0.3420 0.0165 0.9395
vn 0.4138 -0.6724 0.6137
vn 0.0699 0.6957 0.7150
vn -0.2432 0.9673 0.0716
vn -0.4138 0.6724 -0.6137
vn -0.3420 -0.0165 -0.9395
vn -0.0699 -0.6957 -0.7150
vn 0.2432 -0.9673 -0.0716
vn 0.5666 0.7557 -0.3284
vn 0.2044 0.9246 -0.3214
vn 0.1998 0.9258 -0.3210
vn -0.1947 0.9452 -0.2621
vn 0.5701 0.0980 -0.8157
vn 0.2501 -0.0898 -0.9641
vn 0.2460 -0.0920 -0.9649
vn -0.1139 -0.2650 -0.9575
vn -0.9193 0.0237 -0.3928
vn -0.8188 0.0789 -0.5687
vn -0.8104 0.0827 -0.5801
vn -0.6718 0.1339 -0.7285
vn -0.9397 -0.3420 0.0060
vn 0.9397 0.3420 -0.0060
vn -0.3420 0.9395 -0.0165
vn -0.6428 -0.7659 0.0134
vn 0.6428 0.7659 -0.0134
vn 0.7661 -0.6427 0.0113
vn -0.7661 0.6427 -0.0113
vn -0.0000 -0.9842 -0.1769
vn -0.0000 -0.9968 -0.0800
vn -0.0000 -0.9839 0.1785
vn -0.0000 -0.9423 0.3348
vn -0.0000 -0.9842 -0.1768
vn -0.0000 -0.9999 0.0172
vn -0.0004 -0.8962 0.4436
vn 0.9697 0.1814 0.1637
vn 1.0000 0.0001 0.0002
vn -1.0000 -0.0002 -0.0008
vn -0.9696 0.1814 0.1641
vn -0.0000 0.9998 -0.0178
vn -0.0000 0.9941 -0.1089
vn -0.0000 -0.4225 -0.9064
vn -0.0000 -0.4224 -0.9064
vn 0.9873 -0.1539 -0.0388
vn 1.0000 0.0001 0.0006
vn -1.0000 0.0004 0.0005
vn -0.9873 -0.1541 -0.0387
vn -0.0000 0.4225 0.9064
vn -0.0000 -0.2024 -0.9793
vn 0.9164 -0.0532 -0.3967
vn -0.9162 -0.0515 -0.3973
vn -0.0000 0.1397 -0.9902
vn 0.6364 0.4991 -0.5881
vn -0.6364 0.4991 -0.5881
vn -0.5774 0.0143 0.8164
vn -0.5774 -0.8164 0.0143
vn -0.0000 -0.9998 0.0176
vn -0.5773 -0.0143 -0.8164
vn -0.0000 -0.0176 -0.9998
vn -0.5773 0.8164 -0.0143
vn 0.0005 -0.9999 0.0172
vn -1.0000 0.0001 0.0002
vn -0.9697 0.1814 0.1637
vn 0.0004 -0.8962 0.4436
vn 1.0000 -0.0002 -0.0008
vn 0.9696 0.1814 0.1641
vn -1.0000 0.0001 0.0006
vn -0.9873 -0.1539 -0.0388
vn 1.0000 0.0004 0.0005
vn 0.9873 -0.1541 -0.0387
vn 0.5774 0.0143 0.8164
vn 0.5774 -0.8164 0.0143
vn 0.5773 -0.0143 -0.8164
vn 0.5773 0.8164 -0.0143
vn -0.0018 -0.9998 0.0182
vn -0.0018 -0.9998 0.0175
vn -0.0011 -0.0492 -0.9988
vn 0.0003 -0.0180 -0.9998
vn -0.0010 0.0167 0.9999
vn 0.0003 -0.0145 0.9999
vn 0.0010 0.9998 -0.0175
vn -0.0018 -0.9998 0.0180
vn -0.0018 -0.9998 0.0176
vn -0.0018 -0.9998 0.0181
vn 0.4574 0.5297 -0.7142
vn -0.4574 0.5297 -0.7143
vn -0.5838 0.5972 -0.5500
vn 0.5838 0.5972 -0.5500
vn 0.7045 0.3819 -0.5982
vn -0.7045 0.3819 -0.5982
vn 0.5308 -0.5881 -0.6102
vn -0.5308 -0.5881 -0.6102
vn 0.4170 0.9088 -0.0159
vn 0.9602 0.2793 -0.0049
vn -0.4170 0.9088 -0.0159
vn -0.9602 0.2793 -0.0049
vn 0.7882 0.6153 -0.0108
vn -0.7882 0.6153 -0.0108
vn 0.7566 -0.6538 0.0115
vn -0.7566 -0.6538 0.0115
vn 0.5774 -0.2926 -0.7623
vn -0.5774 -0.2926 -0.7623
vn -0.5773 0.7623 -0.2926
vn 0.5773 0.7623 -0.2926
vn 0.7071 0.6459 0.2876
vn 0.7071 -0.6460 -0.2876
vn -0.7071 0.6459 0.2876
vn -0.7071 -0.6460 -0.2876
vn 0.0705 0.6407 0.7645
vn 0.0706 0.9763 0.2046
vn -0.7075 0.6944 0.1315
vn -0.6904 0.4698 0.5501
vn 0.0581 0.8337 -0.5492
vn -0.6047 0.6510 -0.4589
vn 0.0420 0.5215 -0.8522
vn 0.0275 0.3289 -0.9440
vn -0.6323 0.2175 -0.7436
vn -0.7185 0.3361 -0.6089
vn 0.0360 -0.0317 -0.9988
vn -0.6610 -0.0252 -0.7499
vn 0.0401 -0.5152 -0.8561
vn 0.0589 -0.9559 -0.2877
vn -0.7021 -0.6699 -0.2415
vn -0.6186 -0.3768 -0.6894
vn 0.0587 -0.9697 0.2373
vn -0.7100 -0.6835 0.1695
vn 0.0617 -0.7469 0.6621
vn -0.6845 -0.5728 0.4511
vn 0.0812 -0.5251 0.8472
vn -0.7261 -0.3718 0.5784
vn -0.9985 -0.0472 0.0261
vn -0.9870 -0.0252 -0.1590
vn -0.9964 -0.0000 0.0847
vn -0.9991 0.0350 -0.0226
vn 0.3400 0.6406 0.6885
vn 0.3054 0.9376 0.1663
vn 0.2920 0.7805 -0.5528
vn 0.2631 0.4986 -0.8260
vn 0.3270 0.2949 -0.8978
vn 0.3220 -0.0372 -0.9460
vn 0.3422 -0.5261 -0.7785
vn 0.3154 -0.9199 -0.2331
vn 0.2866 -0.9316 0.2234
vn 0.3227 -0.7488 0.5790
vn 0.0701 -0.0275 0.9972
vn 0.3611 -0.0289 0.9321
vn -0.6572 -0.0063 0.7537
vn 0.3753 -0.5018 0.7793
vn -0.0000 0.9612 -0.2757
vn -0.6100 0.7617 -0.2185
vn -0.6100 0.5701 0.5504
vn -0.0000 0.2419 -0.9703
vn -0.6100 0.1916 -0.7689
vn -0.6100 -0.5701 -0.5504
vn -0.0000 -0.9612 0.2757
vn -0.6100 -0.7617 0.2185
vn -0.0000 -0.2418 0.9703
vn -0.6100 -0.1916 0.7689
vn -0.0000 0.2418 -0.9703
vn -0.0000 -0.2419 0.9703
vn -0.7139 -0.4280 0.5542
vn -0.9497 -0.1417 -0.2792
vn -0.6901 -0.5813 -0.4311
vn -0.4885 -0.8261 0.2809
vn -0.3359 0.2860 -0.8974
vn -0.1438 -0.3132 -0.9388
vn 0.6589 0.4373 -0.6120
vn 0.6240 -0.3066 -0.7188
vn 0.9311 0.1074 0.3486
vn 0.8304 -0.5571 0.0096
vn 0.1799 -0.3394 0.9233
vn 0.2685 -0.8134 0.5160
vn 0.0127 0.0009 -0.9999
vn -0.0000 -0.7629 -0.6465
vn -0.5906 -0.6174 -0.5196
vn -0.5997 0.0001 -0.8002
vn -0.0000 -0.9999 0.0146
vn -0.6294 -0.7770 0.0054
vn -0.0000 -0.7435 0.6687
vn -0.5875 -0.6188 0.5215
vn -0.0107 0.0136 0.9999
vn -0.6438 0.0084 0.7652
vn -0.9991 -0.0009 -0.0417
vn 0.6322 0.7579 0.1612
vn 0.5967 0.5366 -0.5967
vn -0.6225 0.5621 -0.5445
vn -0.5852 0.7809 0.2184
vn 0.5728 -0.2290 -0.7871
vn -0.6455 -0.2093 -0.7345
vn 0.5852 -0.7809 -0.2184
vn -0.6322 -0.7579 -0.1612
vn 0.6225 -0.5621 0.5445
vn -0.5967 -0.5366 0.5967
vn 0.6455 0.2093 0.7345
vn -0.5728 0.2290 0.7871
vn -0.7178 -0.6738 0.1753
vn -0.5079 -0.5653 0.6500
vn -0.5339 0.5766 0.6184
vn -0.7262 0.6748 0.1315
vn -0.0000 0.6527 0.7576
vn -0.0000 0.9999 0.0154
vn -0.0000 -0.6335 0.7737
vn -0.0000 -0.9968 0.0803
vn 0.7315 -0.0475 0.6802
vn 0.1598 0.9837 -0.0821
vn 0.0749 0.9680 -0.2395
vn 0.7909 0.0018 0.6120
vn -0.7445 -0.0921 -0.6612
vn -0.8227 -0.0574 -0.5656
vn -0.0147 -0.9772 0.2118
vn -0.1570 -0.9683 0.1944
vn 0.1835 0.9169 -0.3543
vn 0.8485 -0.0363 0.5280
vn -0.8967 -0.0365 -0.4411
vn -0.2296 -0.8894 0.3953
vn 0.6997 0.6794 -0.2209
vn 0.7367 -0.4095 0.5381
vn -0.5200 0.1559 -0.8398
vn -0.2885 -0.9561 0.0519
vn 0.4123 0.8046 0.4274
vn 0.2029 -0.5104 0.8357
vn -0.4131 0.6371 -0.6508
vn -0.5627 -0.7591 -0.3273
vn -0.3457 0.7135 0.6094
vn -0.2161 -0.5197 0.8266
vn -0.8502 0.4639 -0.2490
vn -0.5976 -0.8018 -0.0111
vn -0.0644 0.7421 0.6671
vn -0.6321 0.6129 0.4741
vn -0.0005 0.9999 -0.0119
vn -0.6259 0.7777 -0.0583
vn 0.0514 0.7480 -0.6617
vn -0.5421 0.6103 -0.5776
vn 0.6836 0.5649 -0.4621
vn 0.9284 0.3221 0.1853
vn 0.9661 -0.2473 0.0745
vn 0.8877 -0.1493 -0.4356
vn 0.1268 0.9682 -0.2156
vn 0.4708 0.7563 0.4543
vn 0.4794 -0.8110 -0.3352
vn 0.6565 -0.7260 0.2046
vn 0.0817 -0.8538 0.5141
vn -0.1792 -0.9751 0.1308
vn 0.8866 0.3135 -0.3400
vn 0.3723 0.6262 -0.6851
vn -0.0755 0.8591 -0.5062
vn 0.3512 -0.5105 0.7849
vn 0.6838 -0.7224 -0.1031
vn 0.6009 -0.0373 0.7985
vn 0.6772 -0.1377 0.7228
vn 0.5185 0.0321 0.8545
vn 0.5373 -0.2338 0.8103
vn 0.4392 -0.2724 0.8561
vn 0.7880 -0.1886 0.5860
vn 0.7782 0.1127 0.6178
vn 0.6877 0.0597 0.7236
vn 0.7050 -0.1659 0.6895
vn 0.5463 0.3117 0.7774
vn 0.5380 0.1723 0.8251
vn 0.6361 -0.4484 0.6279
vn 0.5826 -0.3549 0.7312
vn 0.5408 -0.1218 0.8323
vn 0.4884 -0.1079 0.8659
vn 0.3985 -0.3793 0.8351
vn 0.3391 -0.5073 0.7922
vn 0.1525 0.8985 -0.4116
vn 0.1927 0.8086 -0.5559
vn -0.0952 0.8217 -0.5620
vn -0.0516 0.6322 -0.7731
vn 0.0193 0.6443 -0.7645
vn -0.1854 0.7383 -0.6485
vn 0.7701 -0.4222 0.4782
vn 0.8852 0.4236 0.1922
vn 0.1523 0.9218 -0.3565
vn -0.3180 0.7290 -0.6062
vn 0.5721 -0.2657 0.7760
vn 0.7625 0.5148 0.3918
vn 0.2102 0.9608 -0.1807
vn -0.4492 0.7295 -0.5158
vn 0.5429 -0.8242 0.1610
vn 0.2333 -0.8263 0.5127
vn -0.1384 -0.9872 -0.0795
vn -0.4042 -0.9145 -0.0184
vn -0.2335 -0.1370 -0.9627
vn -0.2380 0.1091 -0.9651
vn -0.4534 0.2301 -0.8611
vn -0.6437 -0.0879 -0.7602
vn -0.4726 0.6919 -0.5458
vn -0.8273 -0.2931 -0.4792
vn -0.8301 -0.1538 -0.5360
vn 0.2995 -0.8495 -0.4343
vn 0.8445 0.4687 0.2591
vn 0.9021 -0.2643 0.3411
vn 0.4273 0.8535 -0.2983
vn 0.3967 -0.8464 0.3554
vn -0.1446 -0.9810 -0.1295
vn 0.8864 -0.2930 -0.3584
vn -0.0613 -0.5283 -0.8469
vn -0.2235 -0.4678 -0.8551
vn 0.2590 -0.6399 -0.7235
vn 0.5544 -0.4690 -0.6875
vn 0.9313 -0.3602 -0.0536
vn 0.9473 -0.0210 0.3196
vn -0.5464 -0.4500 -0.7064
vn -0.5455 -0.3025 -0.7816
vn -0.4530 0.8648 0.2165
vn -0.7773 0.2900 0.5583
vn -0.4180 0.1179 0.9008
vn -0.0993 0.5933 0.7988
vn -0.7738 -0.4804 0.4129
vn -0.3616 -0.4574 0.8124
vn -0.4740 0.8681 -0.1472
vn -0.5265 0.6777 0.5133
vn -0.6289 -0.3760 0.6805
vn 0.2816 -0.0333 0.9589
vn 0.4129 0.0123 0.9107
vn 0.3757 -0.1912 0.9068
vn 0.1040 -0.0082 0.9945
vn 0.2319 -0.0410 0.9719
vn 0.3511 0.1484 0.9245
vn 0.2458 0.2531 0.9357
vn 0.1037 -0.3080 0.9457
vn 0.2463 -0.2662 0.9319
vn 0.4341 -0.0937 0.8960
vn -0.2234 0.9309 -0.2889
vn -0.1006 0.9600 -0.2614
vn -0.4224 0.7467 -0.5138
vn -0.3925 0.7222 -0.5695
vn -0.0386 0.6674 0.7437
vn -0.0658 -0.2016 0.9772
vn -0.0186 0.9669 -0.2544
vn -0.1098 0.6740 -0.7305
vn 0.2116 0.6602 0.7207
vn 0.3211 -0.1994 0.9258
vn 0.1196 0.9847 -0.1266
vn 0.0189 0.6059 -0.7953
vn -0.3887 -0.5784 0.7172
vn 0.0295 -0.7725 0.6343
vn -0.1911 -0.9707 -0.1456
vn -0.3762 -0.9245 0.0624
vn -0.6719 0.2235 -0.7061
vn -0.7627 0.0026 -0.6467
vn -0.4099 -0.1496 -0.8998
vn -0.0107 0.5700 -0.8215
vn -0.1716 -0.3276 -0.9291
vn -0.1767 -0.4648 -0.8676
vn -0.7986 -0.5598 0.2212
vn 0.0505 0.6782 0.7331
vn -0.1756 0.0200 0.9843
vn -0.1060 0.9942 0.0201
vn -0.1753 -0.6955 0.6968
vn -0.4133 -0.9101 0.0309
vn -0.7653 0.1428 0.6277
vn -0.9088 -0.2773 -0.3116
vn -0.9669 0.0147 0.2549
vn -0.9532 -0.3025 -0.0034
vn -0.8006 -0.3087 -0.5136
vn -0.1061 0.3317 0.9374
vn -0.5525 0.0862 0.8290
vn 0.5635 0.1026 0.8197
vn 0.8667 0.2085 -0.4532
vn 0.5286 0.8278 -0.1881
vn 0.7093 0.6366 0.3025
vn 0.9907 0.1230 0.0588
vn -0.1315 0.9719 0.1953
vn 0.1620 0.7431 0.6493
vn -0.7120 0.5297 0.4608
vn -0.3502 0.3833 0.8547
vn -0.8667 -0.2085 0.4533
vn -0.4955 -0.2359 0.8360
vn -0.5282 -0.8281 0.1878
vn -0.1944 -0.7542 0.6272
vn 0.1317 -0.9718 -0.1955
vn 0.3783 -0.8661 0.3269
vn 0.7123 -0.5293 -0.4609
vn 0.8631 -0.4999 0.0718
vn -0.4263 0.1299 -0.8952
vn -0.4812 0.1097 -0.8697
vn -0.4813 0.1097 -0.8697
vn -0.4186 0.1242 -0.8996
vn -0.5362 0.1035 -0.8377
vn -0.5415 0.0946 -0.8354
vn -0.4244 0.1154 -0.8981
vn -0.5342 0.0890 -0.8406
vn 0.6022 -0.1931 0.7746
vn 0.6410 -0.0586 0.7653
vn 0.4812 -0.1097 0.8697
vn 0.4870 -0.2676 0.8314
vn 0.5757 0.0439 0.8165
vn 0.4628 0.0511 0.8850
vn 0.3699 -0.2593 0.8922
vn 0.3029 -0.1564 0.9401
vn 0.3456 -0.0229 0.9381
vn 0.8760 0.4668 -0.1213
vn -0.1893 0.0708 -0.9794
vn -0.1565 0.0386 -0.9869
vn 0.8026 0.5927 -0.0674
vn -0.8734 -0.4679 0.1352
vn -0.8298 -0.5425 0.1312
vn 0.1771 -0.0773 0.9812
vn 0.1575 0.0821 0.9841
vn 0.0745 -0.0059 -0.9972
vn 0.5431 0.8324 0.1100
vn 0.6036 0.7962 -0.0417
vn -0.0020 0.0077 -1.0000
vn -0.0302 0.0751 0.9967
vn -0.0403 0.1026 0.9939
vn -0.5565 -0.8249 0.0995
vn -0.6796 -0.7202 0.1396
vn -0.0598 0.6249 0.7784
vn 0.9071 0.3697 0.2012
vn 0.6994 0.6418 -0.3145
vn -0.5590 0.7233 0.4055
vn -0.8374 0.2210 0.4999
vn -0.2467 0.0800 0.9658
vn 0.9375 -0.2326 0.2588
vn 0.8374 -0.2210 -0.4999
vn -0.8234 -0.5658 0.0440
vn -0.7210 -0.2515 0.6456
vn -0.6073 -0.3243 0.7253
vn -0.7255 -0.6875 0.0311
vn -0.6123 0.4269 0.6655
vn -0.4820 0.4579 0.7470
vn -0.6062 0.7911 0.0815
vn -0.4750 0.8768 0.0743
vn -0.7089 0.4752 -0.5212
vn -0.5933 0.5135 -0.6199
vn -0.8175 -0.2034 -0.5389
vn -0.7186 -0.2687 -0.6415
vn -0.6558 -0.7546 0.0227
vn -0.5298 -0.3661 0.7650
vn -0.3969 0.4703 0.7882
vn -0.3899 0.9182 0.0691
vn -0.5159 0.5298 -0.6732
vn -0.6488 -0.3067 -0.6964
vn 0.4761 -0.8762 -0.0744
vn 0.5939 -0.5129 0.6199
vn 0.7182 0.2694 0.6416
vn 0.7247 0.6884 -0.0310
vn 0.6069 0.3250 -0.7253
vn 0.4826 -0.4573 -0.7470
vn 0.9843 -0.1540 -0.0864
vn -0.2928 -0.5313 -0.7950
vn -0.5449 -0.5605 -0.6237
vn 0.1896 -0.8125 0.5513
vn 0.5000 -0.8601 -0.1015
vn 0.4600 0.6399 0.6156
vn -0.2953 0.7768 -0.5563
vn -0.0628 0.6177 -0.7839
vn 0.7935 0.6004 -0.0993
vn -0.4646 -0.6152 -0.6369
vn -0.2025 0.7679 -0.6077
vn -0.1978 0.7707 -0.6058
vn -0.4719 -0.6375 -0.6090
vn -0.0574 -0.6406 0.7657
vn 0.0109 -0.7608 0.6489
vn 0.1869 0.5617 0.8060
vn 0.2888 0.6820 0.6719
vn 0.6360 -0.7714 0.0201
vn -0.6287 -0.5102 -0.5868
vn -0.4050 0.7659 -0.4994
vn 0.8340 0.5446 0.0886
vn 0.2387 -0.7136 0.6586
vn -0.8448 -0.4966 0.1993
vn -0.6607 0.6866 0.3032
vn 0.4156 0.4989 0.7605
vn -0.1265 -0.5137 0.8486
vn -0.6675 -0.4331 0.6056
vn -0.5413 0.4673 0.6990
vn 0.0015 0.3443 0.9389
vn -0.8333 0.2200 0.5071
vn -0.4540 0.1315 0.8812
vn -0.0914 0.6388 0.7639
vn -0.4232 0.8358 0.3498
vn 0.4791 0.7441 0.4656
vn 0.2452 0.9693 -0.0175
vn 0.9152 0.3742 0.1498
vn 0.7665 0.5219 -0.3742
vn 0.9692 -0.2457 0.0149
vn 0.8333 -0.2201 -0.5071
vn 0.6289 -0.7583 0.1718
vn 0.4229 -0.8360 -0.3496
vn 0.0723 -0.8664 0.4941
vn -0.2454 -0.9693 0.0176
vn -0.3791 -0.4927 0.7833
vn -0.7667 -0.5216 0.3743
vn -0.5293 0.1302 -0.8384
vn -0.5409 0.1218 -0.8322
vn -0.4954 0.1098 -0.8617
vn -0.4483 0.0974 -0.8885
vn -0.4550 0.1105 -0.8836
vn -0.5347 0.1088 -0.8380
vn -0.4604 0.0892 -0.8832
vn 0.3591 -0.1910 0.9136
vn 0.4555 -0.2637 0.8503
vn 0.4954 -0.1098 0.8617
vn 0.3336 -0.0587 0.9409
vn 0.5227 0.0469 0.8512
vn 0.4078 0.0359 0.9124
vn 0.5674 -0.2520 0.7840
vn 0.6397 -0.1569 0.7524
vn 0.6179 -0.0256 0.7858
vn -0.5512 0.4765 0.6849
vn -0.4658 0.6014 0.6492
vn -0.7641 0.0428 -0.6436
vn -0.7404 0.0745 -0.6681
vn 0.5350 -0.5518 -0.6398
vn 0.5617 -0.4776 -0.6755
vn 0.7624 0.0779 0.6424
vn 0.7482 -0.0812 0.6585
vn -0.8926 0.0007 -0.4509
vn -0.8553 0.0135 -0.5179
vn -0.3390 0.8026 0.4908
vn -0.1775 0.8373 0.5171
vn 0.8731 0.0964 0.4779
vn 0.8700 0.0690 0.4882
vn 0.4628 -0.7280 -0.5058
vn 0.3639 -0.8311 -0.4205
vn 0.8322 0.3562 -0.4250
vn -0.3073 0.9075 0.2865
vn -0.0599 0.6249 0.7784
vn -0.8374 0.2209 0.4999
vn -0.2467 0.0799 0.9658
vn 0.1589 -0.8249 -0.5424
vn 0.0637 -0.8957 -0.4400
vn 0.7317 -0.6776 -0.0741
vn 0.7377 -0.6364 -0.2252
vn 0.9889 0.0698 -0.1312
vn 0.9616 0.0116 -0.2741
vn 0.5779 0.5990 -0.5543
vn 0.6050 0.4716 -0.6415
vn -0.0902 0.3807 -0.9203
vn 0.0248 0.2815 -0.9592
vn -0.3473 -0.3666 -0.8631
vn -0.1974 -0.3669 -0.9091
vn 0.7183 -0.6954 0.0199
vn 0.0037 -0.9286 -0.3710
vn 0.9938 0.1034 -0.0420
vn 0.5546 0.6690 -0.4948
vn -0.1600 0.4358 -0.8857
vn -0.4354 -0.3630 -0.8238
vn 0.0901 -0.3800 0.9206
vn -0.5782 -0.5981 0.5550
vn 0.3478 0.3672 0.8627
vn -0.0629 0.8962 0.4392
vn -0.7313 0.6781 0.0736
vn -0.9889 -0.0690 0.1315
vn -0.5256 0.2444 0.8149
vn -0.5255 0.2444 0.8149
vn -0.5256 0.2443 0.8149
vn -0.7444 -0.4121 -0.5254
vn -0.6044 -0.5687 0.5579
vn 0.0846 -0.7848 0.6140
vn -0.5103 -0.5696 -0.6443
vn 0.5670 0.6117 0.5517
vn -0.1803 0.8572 0.4824
vn -0.4022 0.7075 -0.5811
vn -0.0594 0.7145 -0.6971
vn -0.5740 -0.5863 -0.5716
vn -0.5559 -0.6155 -0.5586
vn -0.1424 0.7561 -0.6388
vn -0.1432 0.7523 -0.6430
vn 0.2573 -0.8259 0.5017
vn 0.4272 -0.7684 0.4765
vn 0.8075 0.3980 0.4355
vn 0.6987 0.5739 0.4272
vn -0.4273 -0.5631 -0.7073
vn -0.5246 -0.4652 0.7130
vn -0.0601 0.7805 0.6222
vn 0.0283 0.6515 -0.7581
vn 0.3229 -0.8048 -0.4981
vn 0.1913 -0.7011 0.6869
vn 0.6541 0.4360 0.6181
vn 0.7739 0.3081 -0.5533
vn 0.6155 -0.7716 -0.1604
vn 0.5714 -0.6978 0.4320
vn 0.9761 0.0669 -0.2070
vn 0.9129 0.1038 0.3948
vn 0.0061 0.2573 0.9663
vn -0.0061 0.2603 0.9655
vn -0.9694 0.2370 -0.0635
vn -0.0061 -0.2573 -0.9663
vn 0.0061 -0.2603 -0.9655
vn 0.9694 -0.2370 0.0635
vn -0.0061 0.2573 0.9663
vn 0.9694 0.2370 -0.0635
vn 0.0061 0.2603 0.9655
vn -0.0061 -0.2603 -0.9655
vn 0.0061 -0.2573 -0.9663
vn -0.9694 -0.2370 0.0635
vn -0.2588 -0.9330 0.2500
vn 0.2588 -0.9330 0.2500
vn -0.5035 -0.0538 0.8623
vn -0.5103 0.8580 -0.0589
vn -0.7023 0.6343 -0.3231
vn -0.6941 -0.2961 0.6561
vn 0.4753 -0.0292 0.8793
vn 0.6686 -0.3131 0.6745
vn 0.6673 0.6998 -0.2550
vn 0.4684 0.8825 -0.0419
vn 0.0249 -0.9997 0.0074
vn -0.0180 0.0264 0.9995
vn -0.1715 0.0372 0.9845
vn 0.3287 -0.8770 0.3504
vn 0.0169 0.0168 -0.9997
vn 0.2953 0.3358 -0.8944
vn -0.0250 0.9997 -0.0033
vn -0.2007 0.9789 0.0379
vn 0.1352 0.0449 0.9898
vn -0.2715 -0.9025 0.3343
vn -0.3014 0.3550 -0.8850
vn 0.1500 0.9877 0.0439
vn 0.9011 -0.2059 0.3815
vn 0.5076 0.6809 -0.5279
vn -0.6303 -0.7242 0.2797
vn -0.5045 0.5130 -0.6945
vn -0.5874 0.5977 -0.5457
vn -0.8864 -0.1678 0.4315
vn 0.5187 0.4855 -0.7038
vn 0.7434 -0.5656 0.3570
vn 0.9984 -0.0273 -0.0489
vn 0.9963 0.0534 0.0671
vn 0.0006 0.6972 0.7169
vn 0.0022 0.5452 0.8383
vn -0.0020 -0.5352 -0.8447
vn -0.0010 -0.6768 -0.7361
vn -0.9982 -0.0289 -0.0529
vn -0.9964 0.0535 0.0652
vn 0.9965 0.0692 0.0476
vn -0.0008 0.8135 0.5815
vn 0.0012 -0.8103 -0.5860
vn -0.9963 0.0705 0.0488
vn -0.0000 0.4184 0.9082
vn 0.8165 -0.2887 0.5000
vn 0.8165 0.2887 -0.5000
vn -0.0000 0.9958 -0.0918
vn -0.0000 -0.9958 0.0918
vn -0.0000 -0.4184 -0.9082
vn -0.8165 -0.2887 0.5000
vn -0.8165 0.2887 -0.5000
vn -0.8035 0.5953 0.0085
vn -0.8575 0.3565 -0.3710
vn -0.2408 -0.0582 -0.9688
vn -0.5584 0.2114 -0.8022
vn -0.5457 0.5481 0.6339
vn -0.2837 0.3381 0.8973
vn 0.7774 -0.2156 0.5909
vn 0.5053 -0.2460 0.8271
vn 0.5956 -0.5286 -0.6048
vn 0.7748 -0.6240 0.1016
vn 0.1195 -0.2966 -0.9475
vn 0.3403 -0.3686 -0.8651
vn -0.9218 0.2734 -0.2748
vn -0.2130 0.0677 -0.9747
vn -0.4433 -0.0784 0.8930
vn 0.3166 -0.5039 0.8036
vn 0.6325 -0.7730 -0.0492
vn 0.3658 -0.2673 -0.8915
vn -0.8906 0.2534 -0.3776
vn -0.2207 0.1091 -0.9692
vn -0.7349 0.0351 0.6772
vn 0.0550 -0.3910 0.9187
vn 0.5621 -0.8211 0.0992
vn 0.3557 -0.3103 -0.8816
vn 0.5928 -0.7764 0.2139
vn 0.6425 -0.6812 -0.3508
vn 0.6293 -0.7191 -0.2947
vn 0.5478 -0.7133 0.4372
vn 0.5672 -0.3546 -0.7434
vn 0.2416 -0.1204 -0.9629
vn 0.6005 -0.2783 -0.7496
vn 0.1641 0.0451 -0.9854
vn 0.8203 -0.4063 -0.4026
vn 0.4566 -0.2161 -0.8630
vn 0.4523 -0.2277 -0.8623
vn 0.7057 -0.3729 -0.6025
vn -0.2436 0.1547 -0.9575
vn -0.3677 0.1542 -0.9171
vn -0.4012 0.2706 -0.8751
vn -0.7170 0.2912 -0.6334
vn 0.2454 -0.3095 0.9187
vn 0.5921 -0.5774 0.5621
vn 0.6260 -0.6211 0.4716
vn 0.3346 -0.3997 0.8534
vn 0.7416 -0.5926 -0.3144
vn 0.6140 -0.5465 -0.5695
vn 0.6863 -0.4984 -0.5297
vn 0.1226 -0.0934 -0.9881
vn -0.2154 -0.0214 0.9763
vn 0.6709 -0.5975 0.4393
vn 0.6061 -0.5700 0.5548
vn 0.1488 -0.3053 0.9406
vn 0.7777 -0.6207 0.0994
vn 0.7810 -0.6242 0.0196
vn -0.5376 0.2426 0.8076
vn -0.1632 -0.1206 0.9792
vn -0.1420 -0.2622 0.9545
vn 0.0161 -0.4274 0.9039
vn 0.1156 -0.5196 0.8465
vn 0.1152 -0.5480 0.8285
vn 0.6092 -0.7803 0.1416
vn 0.5762 -0.7865 0.2223
vn 0.6833 -0.5982 -0.4187
vn 0.6332 -0.5212 -0.5722
vn 0.2537 -0.0528 -0.9658
vn -0.6022 0.3707 -0.7071
vn -0.8775 0.4070 -0.2536
vn -0.2259 0.1513 -0.9623
vn -0.9028 0.4289 0.0312
vn -0.8796 0.3424 0.3302
vn 0.4744 -0.2006 -0.8571
vn -0.0220 -0.0046 -0.9997
vn -0.3021 0.1430 -0.9425
vn -0.9698 0.2123 -0.1202
vn -0.9619 0.2275 -0.1516
vn -0.1375 0.1507 -0.9790
vn -0.8951 0.1866 0.4050
vn -0.8295 0.1272 0.5439
vn 0.1301 0.0770 -0.9885
vn 0.3521 0.0516 -0.9346
vn -0.9131 0.2789 -0.2975
vn -0.6115 -0.1026 0.7846
vn -0.6773 -0.0718 0.7322
vn -0.9357 0.2840 -0.2093
vn -0.0688 -0.2885 0.9550
vn -0.1050 -0.2717 0.9566
vn -0.6512 0.3271 -0.6847
vn -0.3000 0.3604 -0.8833
vn -0.7030 0.1537 0.6944
vn -0.0960 -0.2159 0.9717
vn -0.0070 -0.2927 0.9562
vn -0.6575 0.1036 0.7463
vn 0.3111 -0.3959 0.8640
vn 0.3681 -0.4430 0.8175
vn -0.8365 0.2672 0.4784
vn -0.8514 0.2978 0.4318
vn -0.8720 0.3464 -0.3459
vn -0.9271 0.3043 0.2187
vn -0.9201 0.2951 0.2575
vn -0.6904 0.3732 -0.6197
vn -0.4631 0.0966 0.8811
vn -0.3148 -0.0455 0.9481
vn -0.2729 0.0481 0.9608
vn -0.0558 -0.1351 0.9893
vt 0.451400 0.210400
vt 0.393800 0.211200
vt 0.394200 0.199100
vt 0.452400 0.197900
vt 0.478700 0.197700
vt 0.478400 0.210200
vt 0.514100 0.197800
vt 0.514600 0.210200
vt 0.548800 0.198400
vt 0.549200 0.210600
vt 0.567700 0.199100
vt 0.567500 0.211100
vt 0.642500 0.281700
vt 0.644000 0.293000
vt 0.559800 0.305700
vt 0.559100 0.281900
vt 0.356300 0.263500
vt 0.401000 0.261100
vt 0.390100 0.275400
vt 0.359300 0.276100
vt 0.376100 0.305100
vt 0.376600 0.340200
vt 0.358600 0.339700
vt 0.359500 0.303600
vt 0.408500 0.372100
vt 0.366000 0.367300
vt 0.343200 0.301700
vt 0.326800 0.276200
vt 0.324700 0.359000
vt 0.362400 0.383000
vt 0.298600 0.375100
vt 0.456200 0.389800
vt 0.470000 0.404000
vt 0.421000 0.392600
vt 0.488900 0.385600
vt 0.497500 0.396500
vt 0.529500 0.375700
vt 0.537400 0.384800
vt 0.560700 0.365700
vt 0.568200 0.375300
vt 0.590700 0.357000
vt 0.599600 0.365000
vt 0.492600 0.531300
vt 0.525800 0.534100
vt 0.522400 0.554600
vt 0.498700 0.562300
vt 0.530600 0.575300
vt 0.514900 0.591700
vt 0.556500 0.588100
vt 0.551400 0.612800
vt 0.594000 0.590300
vt 0.601500 0.613900
vt 0.624500 0.582600
vt 0.637500 0.604400
vt 0.658000 0.565100
vt 0.680500 0.579600
vt 0.711500 0.552500
vt 0.687600 0.541900
vt 0.710600 0.514400
vt 0.738000 0.523600
vt 0.543000 0.309300
vt 0.541300 0.281600
vt 0.515500 0.315200
vt 0.513800 0.281600
vt 0.480400 0.315100
vt 0.479200 0.281600
vt 0.455900 0.309000
vt 0.456500 0.281600
vt 0.427500 0.301500
vt 0.423600 0.281500
vt 0.489700 0.513900
vt 0.531300 0.513600
vt 0.312000 0.265900
vt 0.341900 0.339000
vt 0.508900 0.423300
vt 0.489700 0.430700
vt 0.547200 0.406200
vt 0.576400 0.391600
vt 0.605200 0.374200
vt 0.553000 0.525100
vt 0.547200 0.544700
vt 0.550800 0.563600
vt 0.566600 0.570600
vt 0.591800 0.571900
vt 0.613600 0.565700
vt 0.632900 0.552800
vt 0.649000 0.534400
vt 0.662000 0.505800
vt 0.561000 0.507000
vt 0.570600 0.525600
vt 0.564500 0.541500
vt 0.570100 0.551100
vt 0.579300 0.554700
vt 0.592200 0.556200
vt 0.603200 0.552900
vt 0.615200 0.546100
vt 0.624800 0.530100
vt 0.629900 0.503200
vt 0.587100 0.504200
vt 0.356300 0.251100
vt 0.397200 0.251600
vt 0.314600 0.249700
vt 0.647100 0.307200
vt 0.561200 0.321400
vt 0.396600 0.184800
vt 0.452100 0.188500
vt 0.479700 0.189900
vt 0.516800 0.189500
vt 0.549200 0.189800
vt 0.572600 0.189500
vt 0.362300 0.386700
vt 0.301000 0.379900
vt 0.422500 0.299400
vt 0.421200 0.281500
vt 0.488100 0.431500
vt 0.469600 0.409700
vt 0.420300 0.397000
vt 0.361100 0.394700
vt 0.300200 0.386100
vt 0.481600 0.437000
vt 0.464600 0.418300
vt 0.418600 0.405900
vt 0.376600 0.211500
vt 0.377500 0.199500
vt 0.381200 0.181800
vt 0.582000 0.201400
vt 0.580900 0.211700
vt 0.590800 0.190900
vt 0.452600 0.222900
vt 0.394600 0.223200
vt 0.478800 0.222700
vt 0.513900 0.222500
vt 0.548400 0.222600
vt 0.566900 0.222900
vt 0.559700 0.258100
vt 0.643900 0.270400
vt 0.646900 0.337300
vt 0.643600 0.349900
vt 0.612800 0.348400
vt 0.602300 0.333800
vt 0.626000 0.378400
vt 0.642600 0.377400
vt 0.642600 0.413500
vt 0.624600 0.413500
vt 0.634500 0.440900
vt 0.591900 0.444600
vt 0.659000 0.375900
vt 0.676000 0.350900
vt 0.676000 0.433700
vt 0.701700 0.450400
vt 0.637700 0.456700
vt 0.578800 0.464700
vt 0.529600 0.474800
vt 0.543700 0.461000
vt 0.502300 0.466600
vt 0.511200 0.455900
vt 0.462700 0.453800
vt 0.470800 0.445000
vt 0.432200 0.443600
vt 0.439900 0.434100
vt 0.401100 0.432400
vt 0.410100 0.424700
vt 0.399000 0.469300
vt 0.392700 0.500300
vt 0.369000 0.492500
vt 0.365700 0.472000
vt 0.376400 0.529600
vt 0.360700 0.513100
vt 0.339800 0.550500
vt 0.334900 0.525800
vt 0.289700 0.551500
vt 0.297300 0.527900
vt 0.253800 0.541900
vt 0.266800 0.520100
vt 0.210800 0.516900
vt 0.233400 0.502400
vt 0.180000 0.489700
vt 0.153500 0.460700
vt 0.181000 0.451500
vt 0.203900 0.479200
vt 0.543000 0.253900
vt 0.515500 0.247900
vt 0.480500 0.248000
vt 0.455900 0.254100
vt 0.427500 0.261600
vt 0.360300 0.451500
vt 0.401800 0.451900
vt 0.691100 0.340900
vt 0.659300 0.413200
vt 0.509100 0.501000
vt 0.490200 0.493100
vt 0.452300 0.475000
vt 0.423600 0.459600
vt 0.395200 0.441500
vt 0.344200 0.482500
vt 0.338500 0.462900
vt 0.340600 0.501400
vt 0.324700 0.508400
vt 0.299600 0.509600
vt 0.277800 0.503200
vt 0.258500 0.490300
vt 0.229600 0.443100
vt 0.242500 0.471800
vt 0.330600 0.444800
vt 0.326900 0.479200
vt 0.320900 0.463300
vt 0.321400 0.488900
vt 0.312100 0.492300
vt 0.299300 0.493800
vt 0.288200 0.490500
vt 0.276300 0.483600
vt 0.261800 0.440700
vt 0.266700 0.467600
vt 0.304500 0.441900
vt 0.606300 0.324400
vt 0.647200 0.324900
vt 0.689000 0.324600
vt 0.560800 0.242900
vt 0.646800 0.256200
vt 0.452600 0.232300
vt 0.397600 0.237900
vt 0.479900 0.230400
vt 0.516500 0.230700
vt 0.548400 0.231100
vt 0.571000 0.232500
vt 0.699100 0.455200
vt 0.637600 0.460400
vt 0.422500 0.263600
vt 0.529800 0.480500
vt 0.510800 0.501800
vt 0.579400 0.469100
vt 0.699800 0.461400
vt 0.638600 0.468400
vt 0.534600 0.489300
vt 0.517100 0.507500
vt 0.580900 0.478100
vt 0.378000 0.223500
vt 0.382000 0.240800
vt 0.580900 0.221900
vt 0.588100 0.232600
vt 0.416100 0.299800
vt 0.415000 0.281500
vt 0.416100 0.263200
vt 0.952200 0.962200
vt 0.920500 0.965400
vt 0.922100 0.957600
vt 0.952700 0.951700
vt 0.878400 0.964500
vt 0.826900 0.958400
vt 0.827400 0.952800
vt 0.878700 0.959200
vt 0.918100 0.986000
vt 0.876800 0.983500
vt 0.781300 0.971100
vt 0.781300 0.950200
vt 0.824300 0.977300
vt 0.879200 0.944000
vt 0.921900 0.943200
vt 0.783500 0.941000
vt 0.782500 0.934300
vt 0.827600 0.940100
vt 0.952800 0.940900
vt 0.962000 0.958500
vt 0.962800 0.942100
vt 0.987600 0.944200
vt 0.986600 0.961600
vt 0.774400 0.946400
vt 0.773800 0.934700
vt 0.879400 0.927900
vt 0.921600 0.928000
vt 0.782000 0.927400
vt 0.827600 0.927800
vt 0.953600 0.927900
vt 0.962500 0.927900
vt 0.753200 0.926300
vt 0.773600 0.927200
vt 0.752800 0.934700
vt 0.948300 0.987000
vt 0.752400 0.948300
vt 0.988200 0.927800
vt 0.952100 0.893700
vt 0.952600 0.904200
vt 0.922100 0.898300
vt 0.920500 0.890600
vt 0.878500 0.891400
vt 0.878800 0.896700
vt 0.827700 0.902800
vt 0.827200 0.897300
vt 0.918100 0.870100
vt 0.877000 0.872500
vt 0.782100 0.884200
vt 0.824800 0.878400
vt 0.781900 0.904900
vt 0.921900 0.912800
vt 0.879200 0.911800
vt 0.784000 0.914000
vt 0.827700 0.915500
vt 0.782800 0.920500
vt 0.952900 0.915100
vt 0.961800 0.897300
vt 0.986400 0.894100
vt 0.987600 0.911500
vt 0.962700 0.913700
vt 0.774200 0.919700
vt 0.775600 0.908300
vt 0.753800 0.918100
vt 0.948200 0.869100
vt 0.754400 0.905000
vt 0.944500 0.992200
vt 0.915400 0.991100
vt 0.875600 0.988400
vt 0.825300 0.981800
vt 0.784300 0.975200
vt 0.992500 0.927800
vt 0.991600 0.945000
vt 0.746700 0.948000
vt 0.748100 0.935900
vt 0.992600 0.959000
vt 0.748400 0.926000
vt 0.875800 0.867600
vt 0.915400 0.864900
vt 0.785100 0.880100
vt 0.825800 0.873900
vt 0.992300 0.896800
vt 0.991600 0.910700
vt 0.749600 0.916500
vt 0.944400 0.863900
vt 0.748800 0.904600
vt 0.170000 0.924300
vt 0.142900 0.924800
vt 0.142300 0.899500
vt 0.169400 0.898700
vt 0.143100 0.866500
vt 0.170200 0.865600
vt 0.143900 0.840900
vt 0.171600 0.837800
vt 0.145500 0.820400
vt 0.172900 0.819100
vt 0.174700 0.802300
vt 0.147400 0.802800
vt 0.164200 0.692000
vt 0.194200 0.669700
vt 0.172400 0.956400
vt 0.173500 0.982900
vt 0.154900 0.976000
vt 0.145100 0.958300
vt 0.242200 0.925600
vt 0.243200 0.900100
vt 0.270200 0.901300
vt 0.269200 0.926600
vt 0.242900 0.866900
vt 0.270100 0.868300
vt 0.242000 0.839100
vt 0.269600 0.842600
vt 0.240900 0.820300
vt 0.268300 0.822000
vt 0.239300 0.803600
vt 0.220400 0.670900
vt 0.250400 0.693300
vt 0.266500 0.804300
vt 0.239200 0.957600
vt 0.266400 0.960000
vt 0.256400 0.977400
vt 0.237700 0.984900
vt 0.069600 0.959400
vt 0.098200 0.960000
vt 0.099100 0.989400
vt 0.069600 0.989900
vt 0.098100 0.925500
vt 0.098000 0.899800
vt 0.126200 0.899500
vt 0.126300 0.926200
vt 0.098700 0.866300
vt 0.126900 0.865900
vt 0.099200 0.837600
vt 0.127300 0.838700
vt 0.099500 0.817500
vt 0.127900 0.816800
vt 0.099500 0.787300
vt 0.099100 0.643900
vt 0.126800 0.670000
vt 0.127100 0.783400
vt 0.069700 0.925300
vt 0.127200 0.961500
vt 0.118400 0.980900
vt 0.069700 0.900100
vt 0.069700 0.867500
vt 0.069800 0.837800
vt 0.069800 0.818400
vt 0.070200 0.790000
vt 0.069800 0.644000
vt 0.040100 0.989300
vt 0.041000 0.960000
vt 0.041200 0.925400
vt 0.013000 0.926000
vt 0.013200 0.899300
vt 0.041300 0.899700
vt 0.012600 0.865800
vt 0.040700 0.866200
vt 0.012200 0.838500
vt 0.040300 0.837500
vt 0.011700 0.816600
vt 0.040000 0.817400
vt 0.041000 0.787500
vt 0.013300 0.783800
vt 0.013000 0.670400
vt 0.040500 0.644100
vt 0.020800 0.980800
vt 0.012000 0.961300
vt 0.273000 0.926600
vt 0.274000 0.901300
vt 0.273600 0.868700
vt 0.272800 0.842300
vt 0.271400 0.821500
vt 0.271900 0.804300
vt 0.259500 0.980100
vt 0.270000 0.961200
vt 0.255200 0.691300
vt 0.142100 0.802700
vt 0.159400 0.690000
vt 0.140700 0.840500
vt 0.142400 0.819800
vt 0.139500 0.866900
vt 0.138600 0.899400
vt 0.139100 0.924800
vt 0.141500 0.959500
vt 0.151800 0.978700
vt 0.172000 0.986800
vt 0.239300 0.988700
vt 0.191800 0.955900
vt 0.202300 0.983300
vt 0.189500 0.923900
vt 0.188900 0.898400
vt 0.189600 0.865400
vt 0.191000 0.837800
vt 0.192300 0.819400
vt 0.210900 0.984000
vt 0.221700 0.956800
vt 0.224600 0.925000
vt 0.225600 0.899500
vt 0.225300 0.866500
vt 0.224300 0.838800
vt 0.222500 0.820300
vt 0.220100 0.804000
vt 0.100000 0.799600
vt 0.128600 0.797600
vt 0.069800 0.800800
vt 0.011000 0.797500
vt 0.039600 0.799500
vt 0.194100 0.803000
vt 0.194200 0.669900
vt 0.224200 0.667200
vt 0.190500 0.666000
vt 0.209600 0.987900
vt 0.201600 0.987300
vt 0.057800 0.583600
vt 0.065900 0.584600
vt 0.062200 0.626800
vt 0.058000 0.625800
vt 0.067800 0.541500
vt 0.080600 0.546500
vt 0.077800 0.587600
vt 0.068100 0.522500
vt 0.081200 0.521800
vt 0.079000 0.505900
vt 0.103600 0.499100
vt 0.094100 0.511800
vt 0.087000 0.533100
vt 0.057400 0.500500
vt 0.063800 0.498500
vt 0.065200 0.505700
vt 0.057500 0.504400
vt 0.073300 0.630400
vt 0.057600 0.541300
vt 0.057600 0.527100
vt 0.068500 0.512600
vt 0.077000 0.493800
vt 0.472300 0.342700
vt 0.466600 0.343800
vt 0.464600 0.336200
vt 0.467700 0.331100
vt 0.469200 0.355600
vt 0.455800 0.360800
vt 0.455800 0.355600
vt 0.463900 0.352100
vt 0.111300 0.489600
vt 0.460800 0.349700
vt 0.462900 0.344500
vt 0.455800 0.351500
vt 0.460800 0.339100
vt 0.455700 0.326300
vt 0.455700 0.333200
vt 0.455700 0.338100
vt 0.053700 0.626900
vt 0.049600 0.584700
vt 0.037800 0.587700
vt 0.034600 0.546700
vt 0.047500 0.541600
vt 0.033900 0.522000
vt 0.047000 0.522600
vt 0.036000 0.506100
vt 0.020900 0.512100
vt 0.011200 0.499500
vt 0.028200 0.533300
vt 0.049800 0.505700
vt 0.051100 0.498500
vt 0.042600 0.630500
vt 0.046500 0.512700
vt 0.037800 0.494000
vt 0.439200 0.342800
vt 0.443800 0.331100
vt 0.446900 0.336300
vt 0.444900 0.343900
vt 0.442400 0.355700
vt 0.447700 0.352100
vt 0.003500 0.490000
vt 0.448600 0.344500
vt 0.450800 0.349700
vt 0.450300 0.339200
vt 0.455800 0.344500
vt 0.036900 0.462300
vt 0.057300 0.464900
vt 0.057400 0.492700
vt 0.077800 0.462100
vt 0.058000 0.633500
vt 0.011800 0.252200
vt 0.053100 0.252800
vt 0.055400 0.278900
vt 0.008500 0.278800
vt 0.099700 0.254400
vt 0.097300 0.279000
vt 0.147000 0.253100
vt 0.145700 0.279100
vt 0.202300 0.252900
vt 0.200600 0.279300
vt 0.251100 0.252700
vt 0.252500 0.279400
vt 0.054400 0.353700
vt 0.037600 0.316200
vt 0.053900 0.320800
vt 0.064800 0.347000
vt 0.091500 0.381800
vt 0.095000 0.369500
vt 0.138500 0.385600
vt 0.138100 0.371200
vt 0.184100 0.355100
vt 0.173000 0.347700
vt 0.217400 0.320200
vt 0.204300 0.316000
vt 0.069700 0.326200
vt 0.089500 0.333400
vt 0.111000 0.335900
vt 0.134000 0.331500
vt 0.159800 0.319400
vt 0.181900 0.314400
vt 0.011700 0.305300
vt 0.053000 0.305000
vt 0.099600 0.303600
vt 0.146900 0.305100
vt 0.202200 0.305600
vt 0.250900 0.306100
vt 0.171800 0.430500
vt 0.161800 0.423100
vt 0.174500 0.397600
vt 0.191100 0.394200
vt 0.132900 0.456000
vt 0.130200 0.443500
vt 0.085700 0.456600
vt 0.087100 0.442200
vt 0.042300 0.423000
vt 0.053900 0.416500
vt 0.011500 0.386000
vt 0.024800 0.382700
vt 0.138200 0.407900
vt 0.158400 0.402000
vt 0.116600 0.408900
vt 0.093900 0.402900
vt 0.069000 0.389100
vt 0.047300 0.382700
vt 0.587100 0.687300
vt 0.613900 0.687300
vt 0.613700 0.695700
vt 0.586900 0.695700
vt 0.640200 0.687300
vt 0.640200 0.695700
vt 0.666000 0.687300
vt 0.666000 0.695700
vt 0.690900 0.687300
vt 0.691000 0.695700
vt 0.714700 0.687300
vt 0.714900 0.695700
vt 0.736800 0.687300
vt 0.737000 0.695700
vt 0.757300 0.687300
vt 0.757700 0.695700
vt 0.776800 0.687300
vt 0.777200 0.695700
vt 0.795300 0.687300
vt 0.795800 0.695700
vt 0.813300 0.687300
vt 0.813800 0.695700
vt 0.831000 0.687300
vt 0.831500 0.695700
vt 0.848400 0.687300
vt 0.849000 0.695700
vt 0.482200 0.687300
vt 0.507600 0.687300
vt 0.507100 0.695700
vt 0.481600 0.695700
vt 0.533700 0.687300
vt 0.533200 0.695700
vt 0.560300 0.687300
vt 0.560000 0.695700
vt 0.613700 0.707000
vt 0.586900 0.707000
vt 0.640200 0.707000
vt 0.666000 0.707000
vt 0.691000 0.707000
vt 0.714900 0.707000
vt 0.737000 0.707000
vt 0.757700 0.707000
vt 0.777200 0.707000
vt 0.795800 0.707000
vt 0.813800 0.707000
vt 0.831500 0.707000
vt 0.849000 0.707000
vt 0.507100 0.707000
vt 0.481600 0.707000
vt 0.533200 0.707000
vt 0.560000 0.707000
vt 0.613700 0.715600
vt 0.586900 0.715600
vt 0.640200 0.715600
vt 0.666000 0.715600
vt 0.691000 0.715600
vt 0.714900 0.715600
vt 0.737000 0.715600
vt 0.757700 0.715600
vt 0.777200 0.715600
vt 0.795800 0.715600
vt 0.813800 0.715600
vt 0.831500 0.715600
vt 0.849000 0.715600
vt 0.507100 0.715600
vt 0.481600 0.715600
vt 0.533200 0.715600
vt 0.560000 0.715600
vt 0.622800 0.958000
vt 0.618300 0.936900
vt 0.625800 0.936800
vt 0.629700 0.955000
vt 0.635000 0.975700
vt 0.640300 0.970300
vt 0.653100 0.987300
vt 0.655900 0.980400
vt 0.674200 0.991200
vt 0.674100 0.983700
vt 0.695300 0.986700
vt 0.692300 0.979800
vt 0.713000 0.974500
vt 0.707600 0.969300
vt 0.724600 0.956500
vt 0.717700 0.953700
vt 0.728500 0.935400
vt 0.721000 0.935500
vt 0.724000 0.914300
vt 0.717100 0.917300
vt 0.711800 0.896600
vt 0.706600 0.902000
vt 0.693800 0.884900
vt 0.691000 0.891900
vt 0.672700 0.881100
vt 0.672800 0.888600
vt 0.651600 0.885500
vt 0.654600 0.892400
vt 0.633900 0.897700
vt 0.639300 0.903000
vt 0.622200 0.915800
vt 0.629200 0.918600
vt 0.517900 0.938100
vt 0.513400 0.959100
vt 0.506500 0.956200
vt 0.510400 0.938000
vt 0.501200 0.976800
vt 0.495900 0.971500
vt 0.483100 0.988500
vt 0.480400 0.981500
vt 0.462000 0.992400
vt 0.462100 0.984900
vt 0.441000 0.987900
vt 0.443900 0.981000
vt 0.423300 0.975700
vt 0.428600 0.970500
vt 0.411600 0.957700
vt 0.418600 0.954900
vt 0.407700 0.936500
vt 0.415200 0.936600
vt 0.412200 0.915500
vt 0.419100 0.918500
vt 0.424400 0.897800
vt 0.429600 0.903200
vt 0.442400 0.886100
vt 0.445200 0.893100
vt 0.463600 0.882300
vt 0.463500 0.889700
vt 0.484600 0.886800
vt 0.481600 0.893600
vt 0.502300 0.898900
vt 0.496900 0.904200
vt 0.514000 0.917000
vt 0.507000 0.919800
vt 0.632700 0.936700
vt 0.636000 0.952300
vt 0.645000 0.965400
vt 0.658400 0.974000
vt 0.674000 0.976900
vt 0.689600 0.973600
vt 0.702700 0.964600
vt 0.711300 0.951200
vt 0.714200 0.935600
vt 0.710900 0.920000
vt 0.701900 0.906900
vt 0.688500 0.898300
vt 0.672900 0.895400
vt 0.657300 0.898700
vt 0.644200 0.907700
vt 0.635500 0.921100
vt 0.500200 0.953500
vt 0.503600 0.937900
vt 0.491200 0.966600
vt 0.477800 0.975200
vt 0.462200 0.978100
vt 0.446600 0.974800
vt 0.433500 0.965800
vt 0.424900 0.952400
vt 0.422000 0.936700
vt 0.425300 0.921200
vt 0.434300 0.908100
vt 0.447700 0.899400
vt 0.463400 0.896500
vt 0.478900 0.899900
vt 0.492000 0.908900
vt 0.500700 0.922300
vt 0.392400 0.936000
vt 0.388500 0.955300
vt 0.377000 0.950700
vt 0.380100 0.935900
vt 0.377800 0.972100
vt 0.368700 0.963400
vt 0.361200 0.984200
vt 0.356000 0.972300
vt 0.340400 0.989200
vt 0.340500 0.975600
vt 0.319700 0.983600
vt 0.325100 0.971800
vt 0.303400 0.971100
vt 0.312700 0.962500
vt 0.293200 0.953900
vt 0.304800 0.949500
vt 0.289900 0.934500
vt 0.302200 0.934600
vt 0.293800 0.915200
vt 0.305300 0.919900
vt 0.304500 0.898400
vt 0.313600 0.907100
vt 0.321100 0.886300
vt 0.326300 0.898200
vt 0.341900 0.881300
vt 0.341800 0.894900
vt 0.362600 0.886900
vt 0.357100 0.898700
vt 0.378900 0.899400
vt 0.369600 0.908000
vt 0.389100 0.916600
vt 0.377500 0.921000
vt 0.530300 0.958700
vt 0.526700 0.942100
vt 0.531700 0.942000
vt 0.534900 0.956800
vt 0.540100 0.972700
vt 0.543500 0.969100
vt 0.554400 0.981800
vt 0.556100 0.977300
vt 0.571000 0.984900
vt 0.570900 0.980000
vt 0.587500 0.981400
vt 0.585600 0.976900
vt 0.601500 0.971800
vt 0.598000 0.968400
vt 0.610900 0.957600
vt 0.606300 0.955800
vt 0.614100 0.940800
vt 0.609100 0.940900
vt 0.610400 0.924100
vt 0.605900 0.926100
vt 0.600600 0.910200
vt 0.597300 0.913700
vt 0.586400 0.901000
vt 0.584600 0.905600
vt 0.569800 0.898000
vt 0.569800 0.902900
vt 0.553100 0.901400
vt 0.555100 0.906000
vt 0.539200 0.911100
vt 0.542700 0.914500
vt 0.529900 0.925300
vt 0.534500 0.927100
vt 0.539100 0.941900
vt 0.541600 0.953800
vt 0.548600 0.963900
vt 0.558800 0.970500
vt 0.570800 0.972700
vt 0.582700 0.970100
vt 0.592800 0.963200
vt 0.599500 0.953000
vt 0.601700 0.941000
vt 0.599100 0.929000
vt 0.592200 0.919000
vt 0.581900 0.912400
vt 0.569900 0.910200
vt 0.558000 0.912700
vt 0.548000 0.919600
vt 0.541300 0.929800
vt 0.541400 0.941800
vt 0.543800 0.952900
vt 0.550200 0.962200
vt 0.559700 0.968300
vt 0.570800 0.970300
vt 0.581800 0.968000
vt 0.591100 0.961600
vt 0.597300 0.952100
vt 0.599300 0.941000
vt 0.597000 0.930000
vt 0.590500 0.920700
vt 0.581100 0.914600
vt 0.570000 0.912500
vt 0.559000 0.914900
vt 0.549700 0.921300
vt 0.543500 0.930700
vt 0.557000 0.941600
vt 0.558100 0.946700
vt 0.561100 0.951000
vt 0.565400 0.953800
vt 0.570600 0.954800
vt 0.575600 0.953700
vt 0.579900 0.950700
vt 0.582800 0.946400
vt 0.583700 0.941300
vt 0.582600 0.936200
vt 0.579700 0.931900
vt 0.575300 0.929000
vt 0.570200 0.928100
vt 0.565100 0.929200
vt 0.560800 0.932100
vt 0.558000 0.936500
vt 0.580100 0.941300
vt 0.575600 0.941400
vt 0.570400 0.941400
vt 0.565100 0.941500
vt 0.560700 0.941600
vt 0.370300 0.947800
vt 0.372800 0.935800
vt 0.363400 0.958200
vt 0.353000 0.965300
vt 0.340600 0.967700
vt 0.328300 0.964900
vt 0.318200 0.957500
vt 0.311700 0.946900
vt 0.309500 0.934800
vt 0.312000 0.922700
vt 0.318900 0.912300
vt 0.329300 0.905300
vt 0.341700 0.902800
vt 0.354000 0.905700
vt 0.364100 0.913100
vt 0.370600 0.923600
vt 0.364700 0.945500
vt 0.366700 0.935700
vt 0.359100 0.953800
vt 0.350700 0.959500
vt 0.340700 0.961400
vt 0.330800 0.959200
vt 0.322600 0.953300
vt 0.317300 0.944700
vt 0.315600 0.934900
vt 0.317600 0.925100
vt 0.323200 0.916700
vt 0.331600 0.911000
vt 0.341600 0.909100
vt 0.351400 0.911400
vt 0.359600 0.917300
vt 0.365000 0.925800
vt 0.359100 0.935500
vt 0.350900 0.935400
vt 0.341100 0.935300
vt 0.331400 0.935100
vt 0.323200 0.935000
vt 0.693300 0.599200
vt 0.700600 0.596100
vt 0.700600 0.653200
vt 0.688900 0.649300
vt 0.708200 0.597700
vt 0.711600 0.647100
vt 0.679200 0.648400
vt 0.683600 0.598300
vt 0.714800 0.656700
vt 0.701400 0.661200
vt 0.717900 0.597000
vt 0.721300 0.646500
vt 0.691200 0.589300
vt 0.699700 0.587500
vt 0.687400 0.659100
vt 0.708300 0.587600
vt 0.845700 0.531300
vt 0.851500 0.530800
vt 0.850700 0.622300
vt 0.844900 0.622700
vt 0.816500 0.530600
vt 0.822300 0.530500
vt 0.821600 0.622000
vt 0.815700 0.622000
vt 0.828100 0.531000
vt 0.827400 0.622400
vt 0.834000 0.531600
vt 0.833200 0.623000
vt 0.839800 0.531700
vt 0.839100 0.623100
vt 0.775900 0.553300
vt 0.783800 0.552300
vt 0.784000 0.595700
vt 0.776300 0.596600
vt 0.791600 0.552300
vt 0.791000 0.595100
vt 0.745200 0.553400
vt 0.752800 0.553900
vt 0.753400 0.596300
vt 0.746300 0.595400
vt 0.760500 0.554400
vt 0.760900 0.597100
vt 0.768200 0.554300
vt 0.768600 0.597200
vt 0.781300 0.534600
vt 0.773700 0.538700
vt 0.768300 0.539800
vt 0.765000 0.536100
vt 0.767000 0.531700
vt 0.772500 0.531600
vt 0.784500 0.599800
vt 0.776400 0.600700
vt 0.793300 0.598900
vt 0.752200 0.600300
vt 0.743600 0.599100
vt 0.760300 0.601200
vt 0.768400 0.601300
vt 0.786200 0.655200
vt 0.777300 0.656100
vt 0.795000 0.654700
vt 0.750600 0.655900
vt 0.741700 0.655100
vt 0.759500 0.656800
vt 0.768400 0.656800
vt 0.930800 0.534600
vt 0.938800 0.548100
vt 0.930600 0.553000
vt 0.925000 0.540100
vt 0.936000 0.561700
vt 0.921700 0.570700
vt 0.919500 0.561900
vt 0.904900 0.569600
vt 0.905500 0.559300
vt 0.895900 0.558900
vt 0.896600 0.543300
vt 0.904300 0.545400
vt 0.904100 0.529500
vt 0.912500 0.534100
vt 0.917700 0.526100
vt 0.889500 0.599900
vt 0.877600 0.599700
vt 0.877800 0.592400
vt 0.887600 0.594300
vt 0.870000 0.591600
vt 0.871300 0.578900
vt 0.877000 0.582100
vt 0.881900 0.571300
vt 0.883800 0.576800
vt 0.894100 0.571400
vt 0.894100 0.578900
vt 0.901900 0.579900
vt 0.900200 0.592600
vt 0.894500 0.589300
vt 0.635800 0.629300
vt 0.641600 0.628800
vt 0.641700 0.659500
vt 0.635800 0.659600
vt 0.647400 0.628600
vt 0.647500 0.659300
vt 0.612400 0.628600
vt 0.618200 0.629000
vt 0.618300 0.659200
vt 0.612400 0.659300
vt 0.624100 0.629500
vt 0.624100 0.659300
vt 0.629900 0.629700
vt 0.630000 0.659500
vt 0.243300 0.355000
vt 0.252500 0.355100
vt 0.252200 0.426600
vt 0.243000 0.426500
vt 0.261700 0.355200
vt 0.261500 0.426700
vt 0.270900 0.355300
vt 0.270700 0.426800
vt 0.215600 0.355100
vt 0.224800 0.355100
vt 0.224600 0.426600
vt 0.215300 0.426600
vt 0.234000 0.355000
vt 0.233800 0.426500
vt 0.385700 0.106500
vt 0.397300 0.106600
vt 0.396000 0.113400
vt 0.387100 0.113800
vt 0.387800 0.099700
vt 0.396000 0.100500
vt 0.420100 0.107900
vt 0.421100 0.117100
vt 0.419300 0.097300
vt 0.376600 0.114600
vt 0.374600 0.106000
vt 0.426300 0.125400
vt 0.394200 0.124600
vt 0.385300 0.089900
vt 0.393600 0.085100
vt 0.376300 0.097400
vt 0.384700 0.122700
vt 0.422400 0.082000
vt 0.505700 0.157400
vt 0.505500 0.154600
vt 0.552200 0.154400
vt 0.552300 0.157300
vt 0.505300 0.151700
vt 0.551900 0.151600
vt 0.505200 0.148800
vt 0.551800 0.148700
vt 0.505400 0.166700
vt 0.505600 0.162800
vt 0.552200 0.163100
vt 0.552000 0.165900
vt 0.505800 0.159900
vt 0.552300 0.160200
vt 0.453100 0.097700
vt 0.449600 0.106600
vt 0.451500 0.114500
vt 0.456800 0.085700
vt 0.454800 0.124500
vt 0.485500 0.101700
vt 0.483600 0.106700
vt 0.484500 0.111400
vt 0.486900 0.095000
vt 0.485900 0.118700
vt 0.521400 0.100500
vt 0.519400 0.106300
vt 0.520900 0.111600
vt 0.522600 0.092400
vt 0.522200 0.120500
vt 0.561300 0.099500
vt 0.559700 0.106700
vt 0.561900 0.112200
vt 0.562100 0.090000
vt 0.563300 0.121500
vt 0.391100 0.077300
vt 0.422300 0.070100
vt 0.422700 0.140300
vt 0.392300 0.134000
vt 0.458200 0.077000
vt 0.458000 0.134500
vt 0.486400 0.088000
vt 0.486900 0.125500
vt 0.379400 0.127700
vt 0.379800 0.085600
vt 0.562000 0.131200
vt 0.521900 0.129800
vt 0.521700 0.083700
vt 0.562100 0.080100
vt 0.400800 0.157400
vt 0.403800 0.162200
vt 0.400000 0.164500
vt 0.397100 0.159600
vt 0.409400 0.162100
vt 0.409500 0.166500
vt 0.403800 0.166600
vt 0.412200 0.157200
vt 0.415900 0.159300
vt 0.413200 0.164200
vt 0.409200 0.152300
vt 0.413000 0.150100
vt 0.415900 0.154900
vt 0.403600 0.152400
vt 0.403500 0.148100
vt 0.409200 0.148000
vt 0.397000 0.155300
vt 0.399800 0.150300
vt 0.485900 0.151700
vt 0.480700 0.166400
vt 0.431400 0.165300
vt 0.435000 0.154700
vt 0.480300 0.168700
vt 0.430700 0.168700
vt 0.428100 0.164000
vt 0.431700 0.153400
vt 0.434200 0.151300
vt 0.485400 0.149400
vt 0.385100 0.727800
vt 0.411900 0.727800
vt 0.411900 0.736100
vt 0.385100 0.736100
vt 0.438400 0.727800
vt 0.438400 0.736100
vt 0.464300 0.727800
vt 0.464300 0.736100
vt 0.489200 0.727800
vt 0.489200 0.736100
vt 0.513100 0.727800
vt 0.513100 0.736100
vt 0.535200 0.727800
vt 0.535200 0.736100
vt 0.555900 0.727800
vt 0.555900 0.736100
vt 0.575300 0.727800
vt 0.575300 0.736100
vt 0.594000 0.727800
vt 0.594000 0.736100
vt 0.612000 0.727800
vt 0.612000 0.736100
vt 0.629700 0.727800
vt 0.629700 0.736100
vt 0.647100 0.727800
vt 0.647100 0.736100
vt 0.279900 0.727800
vt 0.305400 0.727800
vt 0.305400 0.736100
vt 0.279900 0.736100
vt 0.331500 0.727800
vt 0.331500 0.736100
vt 0.358200 0.727800
vt 0.358200 0.736100
vt 0.411900 0.747500
vt 0.385100 0.747500
vt 0.438400 0.747500
vt 0.464300 0.747500
vt 0.489200 0.747500
vt 0.513100 0.747500
vt 0.535200 0.747500
vt 0.555900 0.747500
vt 0.575300 0.747500
vt 0.594000 0.747500
vt 0.612000 0.747500
vt 0.629700 0.747500
vt 0.647100 0.747500
vt 0.305400 0.747500
vt 0.279900 0.747500
vt 0.331500 0.747500
vt 0.358200 0.747500
vt 0.411900 0.756100
vt 0.385100 0.756100
vt 0.438400 0.756100
vt 0.464300 0.756100
vt 0.489200 0.756100
vt 0.513100 0.756100
vt 0.535200 0.756100
vt 0.555900 0.756100
vt 0.575300 0.756100
vt 0.594000 0.756100
vt 0.612000 0.756100
vt 0.629700 0.756100
vt 0.647100 0.756100
vt 0.305400 0.756100
vt 0.279900 0.756100
vt 0.331500 0.756100
vt 0.358200 0.756100
vt 0.629700 0.844100
vt 0.625200 0.823100
vt 0.632700 0.823000
vt 0.636600 0.841100
vt 0.642000 0.861800
vt 0.647200 0.856400
vt 0.660100 0.873400
vt 0.662800 0.866400
vt 0.681300 0.877200
vt 0.681100 0.869700
vt 0.702300 0.872700
vt 0.699300 0.865800
vt 0.719900 0.860400
vt 0.714500 0.855200
vt 0.731500 0.842300
vt 0.724600 0.839600
vt 0.735400 0.821200
vt 0.727900 0.821300
vt 0.730800 0.800200
vt 0.723900 0.803200
vt 0.718600 0.782500
vt 0.713300 0.787900
vt 0.700500 0.770900
vt 0.697700 0.777900
vt 0.679300 0.767100
vt 0.679500 0.774600
vt 0.658300 0.771600
vt 0.661300 0.778500
vt 0.640600 0.783900
vt 0.646100 0.789100
vt 0.629000 0.802000
vt 0.636000 0.804700
vt 0.519000 0.822500
vt 0.514400 0.843500
vt 0.507500 0.840600
vt 0.511500 0.822400
vt 0.502100 0.861200
vt 0.496900 0.855800
vt 0.484100 0.872800
vt 0.481300 0.865900
vt 0.462900 0.876700
vt 0.463100 0.869200
vt 0.441900 0.872100
vt 0.444900 0.865200
vt 0.424300 0.859800
vt 0.429700 0.854600
vt 0.412600 0.841800
vt 0.419600 0.839000
vt 0.408800 0.820600
vt 0.416300 0.820700
vt 0.413400 0.799600
vt 0.420300 0.802600
vt 0.425600 0.782000
vt 0.430800 0.787300
vt 0.443700 0.770300
vt 0.446500 0.777300
vt 0.464900 0.766500
vt 0.464700 0.774000
vt 0.485900 0.771100
vt 0.482900 0.777900
vt 0.503500 0.783300
vt 0.498100 0.788500
vt 0.515100 0.801400
vt 0.508200 0.804100
vt 0.639500 0.822900
vt 0.642900 0.838400
vt 0.651900 0.851500
vt 0.665300 0.860100
vt 0.681000 0.862900
vt 0.696500 0.859500
vt 0.709600 0.850500
vt 0.718200 0.837100
vt 0.721000 0.821400
vt 0.717700 0.805900
vt 0.708600 0.792800
vt 0.695200 0.784200
vt 0.679600 0.781400
vt 0.664000 0.784800
vt 0.651000 0.793800
vt 0.642400 0.807200
vt 0.501300 0.837900
vt 0.504700 0.822300
vt 0.492200 0.850900
vt 0.478800 0.859500
vt 0.463200 0.862400
vt 0.447600 0.859000
vt 0.434500 0.849900
vt 0.425900 0.836500
vt 0.423100 0.820900
vt 0.426500 0.805300
vt 0.435600 0.792200
vt 0.448900 0.783600
vt 0.464600 0.780800
vt 0.480200 0.784200
vt 0.493200 0.793200
vt 0.501800 0.806600
vt 0.395900 0.820300
vt 0.392000 0.839600
vt 0.380500 0.834900
vt 0.383600 0.820100
vt 0.381200 0.856400
vt 0.372100 0.847600
vt 0.364600 0.868300
vt 0.359400 0.856400
vt 0.343700 0.873300
vt 0.343900 0.859700
vt 0.323000 0.867600
vt 0.328500 0.855800
vt 0.306800 0.855100
vt 0.316100 0.846500
vt 0.296600 0.837900
vt 0.308300 0.833500
vt 0.293400 0.818500
vt 0.305700 0.818600
vt 0.297300 0.799200
vt 0.308800 0.803800
vt 0.308100 0.782400
vt 0.317200 0.791100
vt 0.324700 0.770400
vt 0.329900 0.782300
vt 0.345600 0.765400
vt 0.345400 0.779000
vt 0.366300 0.771100
vt 0.360800 0.782900
vt 0.382500 0.783700
vt 0.373100 0.792200
vt 0.392600 0.800800
vt 0.381000 0.805200
vt 0.534700 0.849800
vt 0.530900 0.833100
vt 0.535900 0.833000
vt 0.539200 0.847800
vt 0.544400 0.863700
vt 0.547800 0.860200
vt 0.558700 0.872800
vt 0.560500 0.868300
vt 0.575400 0.875800
vt 0.575300 0.870900
vt 0.591900 0.872200
vt 0.590000 0.867800
vt 0.605900 0.862600
vt 0.602400 0.859200
vt 0.615200 0.848400
vt 0.610600 0.846600
vt 0.618300 0.831600
vt 0.613400 0.831700
vt 0.614600 0.814900
vt 0.610100 0.816900
vt 0.604800 0.801000
vt 0.601400 0.804500
vt 0.590500 0.791900
vt 0.588700 0.796400
vt 0.573900 0.788900
vt 0.574000 0.793800
vt 0.557300 0.792500
vt 0.559300 0.796900
vt 0.543400 0.802100
vt 0.546900 0.805500
vt 0.534100 0.816300
vt 0.538600 0.818100
vt 0.543300 0.832900
vt 0.545900 0.844800
vt 0.552900 0.854900
vt 0.563200 0.861400
vt 0.575200 0.863600
vt 0.587100 0.861000
vt 0.597100 0.854100
vt 0.603700 0.843900
vt 0.606000 0.831800
vt 0.603300 0.819900
vt 0.596300 0.809800
vt 0.586100 0.803300
vt 0.574100 0.801100
vt 0.562200 0.803700
vt 0.552100 0.810600
vt 0.545500 0.820900
vt 0.545700 0.832800
vt 0.548100 0.843900
vt 0.554500 0.853200
vt 0.564000 0.859300
vt 0.575100 0.861300
vt 0.586100 0.858900
vt 0.595400 0.852500
vt 0.601600 0.843000
vt 0.603600 0.831900
vt 0.601200 0.820800
vt 0.594700 0.811500
vt 0.585200 0.805500
vt 0.574100 0.803500
vt 0.563100 0.805800
vt 0.553800 0.812200
vt 0.547700 0.821700
vt 0.561300 0.832600
vt 0.562400 0.837700
vt 0.565300 0.841900
vt 0.569700 0.844800
vt 0.574800 0.845700
vt 0.579900 0.844600
vt 0.584200 0.841600
vt 0.587000 0.837300
vt 0.588000 0.832100
vt 0.586900 0.827000
vt 0.583900 0.822800
vt 0.579500 0.819900
vt 0.574400 0.819000
vt 0.569300 0.820100
vt 0.565000 0.823100
vt 0.562200 0.827400
vt 0.584300 0.832200
vt 0.579900 0.832300
vt 0.574600 0.832400
vt 0.569400 0.832400
vt 0.564900 0.832500
vt 0.373700 0.832000
vt 0.376300 0.820000
vt 0.366800 0.842400
vt 0.356400 0.849400
vt 0.344000 0.851800
vt 0.331700 0.848900
vt 0.321600 0.841500
vt 0.315100 0.830900
vt 0.313000 0.818800
vt 0.315600 0.806700
vt 0.322500 0.796300
vt 0.332900 0.789300
vt 0.345300 0.786900
vt 0.357600 0.789800
vt 0.367700 0.797200
vt 0.374200 0.807800
vt 0.368100 0.829600
vt 0.370200 0.819800
vt 0.362500 0.838000
vt 0.354100 0.843600
vt 0.344100 0.845500
vt 0.334300 0.843200
vt 0.326100 0.837300
vt 0.320800 0.828700
vt 0.319100 0.818900
vt 0.321200 0.809100
vt 0.326800 0.800700
vt 0.335200 0.795100
vt 0.345200 0.793200
vt 0.355000 0.795500
vt 0.363200 0.801400
vt 0.368500 0.810000
vt 0.362600 0.819700
vt 0.354400 0.819500
vt 0.344600 0.819400
vt 0.334900 0.819200
vt 0.326700 0.819000
vt 0.798400 0.106700
vt 0.797500 0.205800
vt 0.733600 0.205400
vt 0.734200 0.106200
vt 0.710800 0.196900
vt 0.702200 0.197400
vt 0.702900 0.106500
vt 0.711500 0.106100
vt 0.798500 0.098100
vt 0.734300 0.097600
vt 0.821200 0.106900
vt 0.829800 0.107000
vt 0.829000 0.197700
vt 0.820400 0.197600
vt 0.798400 0.214200
vt 0.731800 0.213700
vt 0.821300 0.098300
vt 0.711500 0.097500
vt 0.707500 0.205300
vt 0.822800 0.206300
vt 0.983900 0.184400
vt 0.974300 0.184300
vt 0.974600 0.173600
vt 0.984000 0.173900
vt 0.984000 0.194700
vt 0.974100 0.194700
vt 0.976200 0.142400
vt 0.985800 0.142200
vt 0.985600 0.157600
vt 0.976200 0.158000
vt 0.976100 0.131000
vt 0.986000 0.130900
vt 0.944200 0.169400
vt 0.944200 0.269400
vt 0.869800 0.269400
vt 0.869800 0.169400
vt 0.968700 0.013500
vt 0.968000 0.079400
vt 0.877500 0.078300
vt 0.878100 0.012600
vt 0.783300 0.078100
vt 0.783300 0.012400
vt 0.857900 0.012500
vt 0.857800 0.078300
vt 0.763300 0.012600
vt 0.763700 0.077900
vt 0.674000 0.078700
vt 0.673500 0.013300
vt 0.869600 0.159900
vt 0.869600 0.094100
vt 0.944100 0.094100
vt 0.944100 0.159900
vt 0.965300 0.082000
vt 0.878500 0.081500
vt 0.784100 0.081400
vt 0.856900 0.081600
vt 0.762700 0.081100
vt 0.676800 0.081200
vt 0.961800 0.179000
vt 0.961800 0.269400
vt 0.852200 0.269400
vt 0.852200 0.179000
vt 0.852100 0.159900
vt 0.852100 0.094100
vt 0.961700 0.094100
vt 0.961700 0.159900
vt 0.787400 0.450600
vt 0.787500 0.434700
vt 0.939700 0.435600
vt 0.939700 0.451500
vt 0.787600 0.418800
vt 0.939800 0.419700
vt 0.787000 0.514300
vt 0.787100 0.498400
vt 0.939400 0.499300
vt 0.939300 0.515200
vt 0.787200 0.482500
vt 0.939500 0.483400
vt 0.787300 0.466600
vt 0.939600 0.467500
vt 0.774600 0.509400
vt 0.760800 0.517300
vt 0.761000 0.485400
vt 0.774800 0.493500
vt 0.747100 0.509200
vt 0.747200 0.493300
vt 0.760900 0.517200
vt 0.774700 0.493400
vt 0.774700 0.509300
vt 0.772000 0.465700
vt 0.770300 0.473500
vt 0.743200 0.466500
vt 0.744500 0.460700
vt 0.772000 0.425900
vt 0.773100 0.433900
vt 0.745400 0.436900
vt 0.744500 0.431000
vt 0.773700 0.441800
vt 0.745800 0.442800
vt 0.773700 0.449800
vt 0.745800 0.448800
vt 0.773100 0.457800
vt 0.745400 0.454800
vt 0.729400 0.455400
vt 0.724200 0.452500
vt 0.724200 0.446500
vt 0.729400 0.443500
vt 0.734600 0.446500
vt 0.734600 0.452400
vt 0.773700 0.441700
vt 0.773700 0.449700
vt 0.745800 0.442900
vt 0.773200 0.457700
vt 0.772100 0.465600
vt 0.744600 0.460700
vt 0.770400 0.473400
vt 0.743300 0.466500
vt 0.771900 0.425900
vt 0.773100 0.433800
vt 0.745300 0.436900
vt 0.729300 0.443500
vt 0.734500 0.446400
vt 0.729500 0.455400
vt 0.724300 0.452500
vt 0.339000 0.159100
vt 0.338900 0.169400
vt 0.332000 0.170100
vt 0.327100 0.163500
vt 0.351600 0.162500
vt 0.345700 0.169600
vt 0.300400 0.169300
vt 0.300600 0.159100
vt 0.312100 0.163300
vt 0.307200 0.169900
vt 0.293400 0.169900
vt 0.287600 0.162600
vt 0.337400 0.197500
vt 0.324900 0.196200
vt 0.328700 0.186600
vt 0.338100 0.186400
vt 0.349500 0.195900
vt 0.347200 0.185800
vt 0.300800 0.186400
vt 0.310100 0.186300
vt 0.311800 0.196500
vt 0.299600 0.197400
vt 0.291700 0.186100
vt 0.287300 0.195200
vt 0.338700 0.177700
vt 0.330200 0.177600
vt 0.347200 0.177100
vt 0.358000 0.174400
vt 0.292200 0.177400
vt 0.281300 0.174300
vt 0.357500 0.186900
vt 0.281500 0.187400
vt 0.300700 0.177600
vt 0.309200 0.177200
vt 0.319600 0.173900
vt 0.319400 0.186500
vt 0.324400 0.211600
vt 0.324800 0.207100
vt 0.328700 0.207100
vt 0.328300 0.211500
vt 0.324400 0.203000
vt 0.328300 0.202900
vt 0.312200 0.211500
vt 0.312500 0.207000
vt 0.316300 0.206800
vt 0.316100 0.211300
vt 0.311900 0.202900
vt 0.315800 0.202700
vt 0.318100 0.211800
vt 0.318400 0.207700
vt 0.322300 0.207600
vt 0.322000 0.211700
vt 0.318300 0.203200
vt 0.322200 0.203100
vt 0.145900 0.193700
vt 0.146100 0.204900
vt 0.137200 0.205600
vt 0.134000 0.196500
vt 0.157700 0.195900
vt 0.155200 0.205500
vt 0.103800 0.204800
vt 0.103600 0.193700
vt 0.115400 0.195800
vt 0.112900 0.205400
vt 0.094800 0.205600
vt 0.091600 0.196400
vt 0.146000 0.231000
vt 0.134000 0.228300
vt 0.139400 0.221600
vt 0.146100 0.221500
vt 0.157600 0.227800
vt 0.152700 0.221100
vt 0.103700 0.221500
vt 0.110400 0.221000
vt 0.115300 0.227800
vt 0.103700 0.231000
vt 0.097100 0.221600
vt 0.091700 0.228300
vt 0.145900 0.213600
vt 0.137400 0.214300
vt 0.154400 0.213900
vt 0.165400 0.217300
vt 0.165300 0.204200
vt 0.095100 0.214200
vt 0.083700 0.217300
vt 0.084100 0.204400
vt 0.103600 0.213600
vt 0.112100 0.213900
vt 0.123100 0.217300
vt 0.123000 0.204200
vt 0.126000 0.217300
vt 0.125900 0.204200
vt 0.114200 0.241900
vt 0.114700 0.237500
vt 0.118500 0.237500
vt 0.118100 0.241900
vt 0.114300 0.233400
vt 0.118200 0.233400
vt 0.120100 0.241700
vt 0.120500 0.237300
vt 0.124400 0.237400
vt 0.123900 0.241800
vt 0.120200 0.233200
vt 0.124000 0.233300
vt 0.126200 0.241700
vt 0.126700 0.237600
vt 0.130500 0.237700
vt 0.130000 0.241700
vt 0.126700 0.233200
vt 0.130500 0.233300
vt 0.228900 0.115500
vt 0.241000 0.118100
vt 0.237800 0.127400
vt 0.228700 0.126700
vt 0.267800 0.126400
vt 0.258800 0.127200
vt 0.255900 0.117700
vt 0.267700 0.115200
vt 0.217000 0.117800
vt 0.219700 0.127300
vt 0.276900 0.126900
vt 0.279800 0.117500
vt 0.228200 0.152400
vt 0.228300 0.143400
vt 0.235000 0.143100
vt 0.239900 0.150100
vt 0.267700 0.143000
vt 0.267800 0.152000
vt 0.256400 0.149700
vt 0.261200 0.142900
vt 0.216800 0.149800
vt 0.221700 0.143100
vt 0.274400 0.142600
vt 0.279500 0.149400
vt 0.247900 0.139500
vt 0.236900 0.135900
vt 0.248000 0.126400
vt 0.259100 0.135800
vt 0.267600 0.135100
vt 0.276200 0.135400
vt 0.287300 0.138800
vt 0.287100 0.125500
vt 0.219800 0.135900
vt 0.208600 0.139000
vt 0.209000 0.126100
vt 0.228300 0.135500
vt 0.241700 0.158800
vt 0.242100 0.154400
vt 0.246000 0.154300
vt 0.245500 0.158700
vt 0.241700 0.150300
vt 0.245600 0.150200
vt 0.247300 0.158400
vt 0.247800 0.154300
vt 0.251600 0.154400
vt 0.251200 0.158400
vt 0.247800 0.149900
vt 0.251600 0.150000
vt 0.253000 0.160300
vt 0.253500 0.155900
vt 0.257300 0.155800
vt 0.256900 0.160200
vt 0.253100 0.151800
vt 0.256900 0.151700
vt 0.208800 0.194500
vt 0.221000 0.198100
vt 0.216100 0.204900
vt 0.209300 0.204500
vt 0.249200 0.204000
vt 0.242300 0.204600
vt 0.237000 0.197800
vt 0.248800 0.193900
vt 0.197100 0.198600
vt 0.202400 0.205200
vt 0.255900 0.204400
vt 0.261000 0.197700
vt 0.210800 0.231500
vt 0.209400 0.221100
vt 0.218200 0.220600
vt 0.222400 0.229300
vt 0.249000 0.220600
vt 0.250200 0.231000
vt 0.238600 0.230200
vt 0.240100 0.220500
vt 0.199200 0.230900
vt 0.200600 0.221200
vt 0.257800 0.220300
vt 0.261900 0.229000
vt 0.229300 0.208900
vt 0.218000 0.212000
vt 0.240700 0.211900
vt 0.228900 0.221800
vt 0.249200 0.212000
vt 0.257800 0.211600
vt 0.269100 0.208700
vt 0.201000 0.212600
vt 0.189600 0.209600
vt 0.268500 0.221600
vt 0.190300 0.222900
vt 0.209500 0.212600
vt 0.234500 0.239400
vt 0.235000 0.235000
vt 0.238900 0.235100
vt 0.238400 0.239500
vt 0.234600 0.230900
vt 0.238500 0.231000
vt 0.221400 0.239800
vt 0.221800 0.235400
vt 0.225600 0.235300
vt 0.225200 0.239800
vt 0.221300 0.231300
vt 0.225200 0.231300
vt 0.228400 0.239600
vt 0.228800 0.235500
vt 0.232600 0.235500
vt 0.232200 0.239500
vt 0.228700 0.231100
vt 0.232500 0.231100
vt 0.768100 0.333300
vt 0.725300 0.333700
vt 0.724800 0.280000
vt 0.767700 0.279600
vt 0.781900 0.333200
vt 0.781500 0.279500
vt 0.824400 0.279200
vt 0.824800 0.332900
vt 0.838300 0.279100
vt 0.838600 0.332800
vt 0.824100 0.276900
vt 0.781300 0.277000
vt 0.781200 0.263200
vt 0.824100 0.263100
vt 0.779500 0.411300
vt 0.736700 0.411500
vt 0.736400 0.357800
vt 0.779300 0.357600
vt 0.786200 0.411300
vt 0.785900 0.357500
vt 0.828700 0.357300
vt 0.829100 0.411000
vt 0.785000 0.347500
vt 0.827900 0.347600
vt 0.827800 0.354300
vt 0.785000 0.354200
vt 0.835400 0.357200
vt 0.835900 0.410900
vt 0.828000 0.354300
vt 0.785100 0.354200
vt 0.785100 0.347600
vt 0.828000 0.347600
vt 0.988500 0.008400
vt 0.988500 0.039500
vt 0.978500 0.039500
vt 0.978500 0.008400
vt 0.988500 0.091600
vt 0.978500 0.091600
vt 0.988500 0.109900
vt 0.978500 0.109900
vt 0.988300 0.008400
vt 0.988300 0.039500
vt 0.978400 0.039500
vt 0.978400 0.008400
vt 0.988300 0.091600
vt 0.978400 0.091600
vt 0.988300 0.109900
vt 0.978400 0.109900
vt 0.973100 0.596200
vt 0.974300 0.427200
vt 0.978000 0.426900
vt 0.977200 0.596200
vt 0.985400 0.596100
vt 0.983400 0.426800
vt 0.987200 0.427100
vt 0.989500 0.596000
vt 0.981300 0.596100
vt 0.980700 0.426500
vt 0.949000 0.280200
vt 0.948900 0.403800
vt 0.945100 0.403900
vt 0.945200 0.280200
vt 0.952900 0.280200
vt 0.952700 0.403900
vt 0.956700 0.280300
vt 0.956600 0.403900
vt 0.960500 0.280200
vt 0.960400 0.403900
vt 0.980700 0.423700
vt 0.978600 0.425000
vt 0.976800 0.423600
vt 0.980600 0.421700
vt 0.984600 0.423400
vt 0.982800 0.424900
vt 0.980700 0.424500
vt 0.979700 0.425300
vt 0.981600 0.425300
vt 0.950100 0.712400
vt 0.950100 0.701400
vt 0.963000 0.701400
vt 0.962900 0.712400
vt 0.950000 0.745400
vt 0.950000 0.734400
vt 0.962900 0.734500
vt 0.962800 0.745500
vt 0.950100 0.723400
vt 0.962900 0.723400
vt 0.939000 0.723400
vt 0.939100 0.712300
vt 0.987700 0.410700
vt 0.983600 0.410700
vt 0.984100 0.241400
vt 0.987800 0.241700
vt 0.975400 0.410700
vt 0.971300 0.410600
vt 0.974900 0.241700
vt 0.978600 0.241400
vt 0.979500 0.410700
vt 0.981300 0.241100
vt 0.986200 0.609900
vt 0.990100 0.609900
vt 0.990500 0.733600
vt 0.986600 0.733500
vt 0.982300 0.609900
vt 0.982800 0.733600
vt 0.978500 0.610000
vt 0.978900 0.733600
vt 0.974700 0.610000
vt 0.975100 0.733600
vt 0.981300 0.238200
vt 0.981300 0.236300
vt 0.985200 0.238000
vt 0.983400 0.239500
vt 0.977400 0.238000
vt 0.979200 0.239500
vt 0.981300 0.239000
vt 0.982300 0.239800
vt 0.980400 0.239800
vt 0.949900 0.734300
vt 0.962700 0.734300
vt 0.962700 0.745300
vt 0.949900 0.745300
vt 0.949900 0.701200
vt 0.962800 0.701300
vt 0.962700 0.712300
vt 0.949900 0.712300
vt 0.962700 0.723300
vt 0.949900 0.723300
vt 0.938900 0.723300
vt 0.938900 0.712300
vt 0.958200 0.415400
vt 0.958100 0.503300
vt 0.955600 0.503300
vt 0.955600 0.415400
vt 0.960900 0.415400
vt 0.960600 0.503400
vt 0.963600 0.415400
vt 0.963300 0.503400
vt 0.952900 0.503400
vt 0.952900 0.415400
vt 0.959100 0.511200
vt 0.958800 0.599100
vt 0.956300 0.599100
vt 0.956500 0.511200
vt 0.961800 0.511200
vt 0.961300 0.599100
vt 0.964500 0.511200
vt 0.964000 0.599100
vt 0.953600 0.599100
vt 0.953800 0.511100
vt 0.959700 0.605500
vt 0.960100 0.693400
vt 0.957600 0.693500
vt 0.957000 0.605500
vt 0.962300 0.605500
vt 0.962600 0.693400
vt 0.965000 0.605500
vt 0.965300 0.693400
vt 0.954900 0.693500
vt 0.954400 0.605500
vt 0.283000 0.309900
vt 0.302800 0.310000
vt 0.302800 0.319900
vt 0.282900 0.320100
vt 0.279300 0.306900
vt 0.306500 0.306900
vt 0.281700 0.292700
vt 0.305000 0.292800
vt 0.249500 0.325400
vt 0.260700 0.312800
vt 0.302200 0.352600
vt 0.283500 0.352600
vt 0.324600 0.311700
vt 0.334500 0.323700
vt 0.262900 0.308100
vt 0.322100 0.306600
vt 0.272600 0.293000
vt 0.313200 0.294500
vt 0.281600 0.279600
vt 0.305100 0.279600
vt 0.891000 0.760600
vt 0.984800 0.760600
vt 0.984800 0.852000
vt 0.891000 0.851900
vt 0.890100 0.852900
vt 0.889000 0.760600
vt 0.984700 0.854000
vt 0.986800 0.760600
vt 0.986700 0.852000
vt 0.891000 0.758600
vt 0.984800 0.758600
vt 0.926300 0.677200
vt 0.907100 0.685800
vt 0.904300 0.677200
vt 0.921500 0.669900
vt 0.891100 0.688100
vt 0.890400 0.677700
vt 0.873500 0.665300
vt 0.869600 0.648800
vt 0.877100 0.648300
vt 0.882900 0.661100
vt 0.869700 0.640600
vt 0.877400 0.641400
vt 0.880700 0.623100
vt 0.891100 0.623800
vt 0.890300 0.631300
vt 0.881200 0.631800
vt 0.905500 0.627700
vt 0.902400 0.634800
vt 0.919100 0.635800
vt 0.913600 0.641000
vt 0.926200 0.643000
vt 0.918800 0.647600
vt 0.900400 0.646200
vt 0.888200 0.643900
vt 0.914500 0.655800
vt 0.897100 0.664400
vt 0.929200 0.686500
vt 0.909000 0.694500
vt 0.893900 0.697800
vt 0.862000 0.666800
vt 0.857500 0.649900
vt 0.857700 0.640400
vt 0.858700 0.628300
vt 0.871800 0.628700
vt 0.884400 0.613400
vt 0.894000 0.615200
vt 0.909000 0.619400
vt 0.923100 0.627300
vt 0.935400 0.672000
vt 0.938300 0.682500
vt 0.928500 0.662900
vt 0.932400 0.634400
vt 0.938000 0.657400
vt 0.945200 0.649000
vt 0.880700 0.683800
vt 0.869300 0.686600
vt 0.759200 0.887700
vt 0.744500 0.887300
vt 0.744700 0.879500
vt 0.759400 0.879900
vt 0.737100 0.881800
vt 0.732800 0.867500
vt 0.739600 0.867600
vt 0.737600 0.853400
vt 0.745100 0.855900
vt 0.745200 0.848100
vt 0.759900 0.848200
vt 0.759800 0.856000
vt 0.767500 0.853700
vt 0.771900 0.868200
vt 0.765100 0.868100
vt 0.767000 0.882500
vt 0.862800 0.851600
vt 0.857600 0.852900
vt 0.855800 0.845800
vt 0.861000 0.844600
vt 0.850600 0.850900
vt 0.846900 0.847100
vt 0.852100 0.842000
vt 0.845100 0.840000
vt 0.846600 0.834900
vt 0.853600 0.836900
vt 0.851800 0.829800
vt 0.857000 0.828500
vt 0.858800 0.835600
vt 0.864000 0.830500
vt 0.867700 0.834400
vt 0.862500 0.839400
vt 0.869500 0.841400
vt 0.868000 0.846600
vt 0.866500 0.805500
vt 0.863700 0.805500
vt 0.863400 0.764900
vt 0.866100 0.764900
vt 0.861100 0.804900
vt 0.860700 0.764400
vt 0.858400 0.804400
vt 0.858100 0.763800
vt 0.855700 0.804400
vt 0.855400 0.763800
vt 0.871800 0.804300
vt 0.869100 0.804900
vt 0.868800 0.764300
vt 0.871400 0.763700
vt 0.861300 0.757500
vt 0.860600 0.754900
vt 0.862500 0.753000
vt 0.865100 0.753700
vt 0.865800 0.756300
vt 0.863900 0.758200
vt 0.750500 0.808900
vt 0.759700 0.785700
vt 0.768400 0.788800
vt 0.759300 0.809000
vt 0.766400 0.780200
vt 0.791800 0.775300
vt 0.791800 0.783200
vt 0.816800 0.781500
vt 0.814600 0.790100
vt 0.823700 0.787300
vt 0.832000 0.810400
vt 0.821900 0.810200
vt 0.791200 0.809600
vt 0.860300 0.726400
vt 0.860600 0.720800
vt 0.932800 0.720600
vt 0.932500 0.726100
vt 0.860500 0.715200
vt 0.932600 0.715000
vt 0.860000 0.709700
vt 0.932100 0.709400
vt 0.860100 0.743100
vt 0.859700 0.737500
vt 0.931900 0.737300
vt 0.932200 0.742900
vt 0.859900 0.732000
vt 0.932000 0.731700
vt 0.807700 0.757100
vt 0.813100 0.755600
vt 0.817100 0.759500
vt 0.815700 0.764900
vt 0.810300 0.766400
vt 0.806300 0.762500
vt 0.786200 0.728300
vt 0.834100 0.731100
vt 0.834100 0.742500
vt 0.786300 0.744300
vt 0.834800 0.746100
vt 0.786800 0.746700
vt 0.837700 0.730900
vt 0.837700 0.742400
vt 0.786800 0.725900
vt 0.834900 0.727500
vt 0.665300 0.750800
vt 0.666800 0.745300
vt 0.705900 0.745800
vt 0.705300 0.751400
vt 0.667000 0.739700
vt 0.706300 0.740400
vt 0.665700 0.734200
vt 0.706000 0.734900
vt 0.665500 0.756400
vt 0.705700 0.757000
vt 0.729300 0.746300
vt 0.729500 0.750300
vt 0.729600 0.742400
vt 0.730400 0.738600
vt 0.730100 0.754100
vt 0.744400 0.747500
vt 0.745000 0.748400
vt 0.744800 0.745800
vt 0.745600 0.744900
vt 0.745600 0.749800
vt 0.746200 0.747600
vt 0.746600 0.748300
vt 0.745900 0.746700
vt 0.746200 0.745700
vt 0.746500 0.749700
vt 0.747100 0.747600
vt 0.747400 0.748200
vt 0.747100 0.747100
vt 0.747200 0.746600
vt 0.747500 0.748400
vt 0.822100 0.832500
vt 0.813500 0.829800
vt 0.815800 0.838300
vt 0.790600 0.844000
vt 0.790400 0.836200
vt 0.765300 0.838100
vt 0.767300 0.829400
vt 0.758600 0.832700
vt 0.806300 0.762600
vt 0.807600 0.757200
vt 0.813000 0.755600
vt 0.817000 0.759500
vt 0.810300 0.766500
vt 0.348400 0.694300
vt 0.347800 0.709500
vt 0.323600 0.708200
vt 0.328400 0.693800
vt 0.373700 0.695200
vt 0.373700 0.710500
vt 0.299400 0.692600
vt 0.298900 0.707800
vt 0.273600 0.707000
vt 0.274100 0.691800
vt 0.348900 0.677200
vt 0.335200 0.674900
vt 0.334500 0.660700
vt 0.347400 0.662100
vt 0.367900 0.680500
vt 0.368100 0.664600
vt 0.198900 0.644100
vt 0.172700 0.634700
vt 0.172300 0.612100
vt 0.209900 0.635700
vt 0.314800 0.682600
vt 0.316600 0.673800
vt 0.174500 0.531600
vt 0.167300 0.555100
vt 0.160300 0.550200
vt 0.168200 0.531300
vt 0.143400 0.566300
vt 0.143400 0.557900
vt 0.143600 0.497600
vt 0.167400 0.507500
vt 0.160500 0.512400
vt 0.143600 0.504600
vt 0.156000 0.547000
vt 0.162600 0.531300
vt 0.143400 0.552500
vt 0.156100 0.515500
vt 0.156000 0.531300
vt 0.143500 0.531200
vt 0.143600 0.510000
vt 0.336200 0.640500
vt 0.347600 0.648400
vt 0.368200 0.649800
vt 0.337900 0.620700
vt 0.352200 0.619500
vt 0.368400 0.619600
vt 0.314800 0.657000
vt 0.321200 0.649400
vt 0.321700 0.634500
vt 0.322200 0.620700
vt 0.269700 0.629700
vt 0.274200 0.623000
vt 0.276600 0.610400
vt 0.280900 0.601000
vt 0.205800 0.617200
vt 0.238800 0.632500
vt 0.540000 0.614600
vt 0.565000 0.624400
vt 0.503200 0.650800
vt 0.498700 0.644300
vt 0.553600 0.636700
vt 0.506500 0.661800
vt 0.337800 0.608200
vt 0.357300 0.609000
vt 0.368300 0.609300
vt 0.325500 0.609200
vt 0.259200 0.588300
vt 0.264000 0.578400
vt 0.285300 0.590600
vt 0.564200 0.641600
vt 0.559700 0.655100
vt 0.547200 0.655400
vt 0.509200 0.672500
vt 0.252000 0.622100
vt 0.248500 0.624900
vt 0.253500 0.596300
vt 0.482300 0.651800
vt 0.478500 0.648200
vt 0.483000 0.674900
vt 0.489200 0.683100
vt 0.473700 0.667000
vt 0.244300 0.604700
vt 0.355600 0.558400
vt 0.357200 0.592200
vt 0.346100 0.585400
vt 0.349200 0.555800
vt 0.202200 0.583400
vt 0.214700 0.603300
vt 0.199400 0.604400
vt 0.187400 0.580800
vt 0.368300 0.560300
vt 0.368200 0.596200
vt 0.227500 0.614100
vt 0.218600 0.610500
vt 0.217800 0.618900
vt 0.399100 0.694300
vt 0.419000 0.693800
vt 0.423800 0.708300
vt 0.399600 0.709500
vt 0.448000 0.692600
vt 0.473300 0.691800
vt 0.473800 0.707100
vt 0.448500 0.707800
vt 0.386900 0.677700
vt 0.389000 0.662600
vt 0.402000 0.661800
vt 0.400700 0.676000
vt 0.148700 0.643400
vt 0.138800 0.635900
vt 0.420700 0.684700
vt 0.419400 0.675800
vt 0.112500 0.531400
vt 0.118800 0.531200
vt 0.126600 0.550100
vt 0.119600 0.554900
vt 0.126700 0.512300
vt 0.119800 0.507400
vt 0.124500 0.531200
vt 0.130900 0.547000
vt 0.131000 0.515500
vt 0.131000 0.531200
vt 0.388800 0.646700
vt 0.400800 0.641200
vt 0.384700 0.619300
vt 0.399500 0.620400
vt 0.415800 0.651000
vt 0.421900 0.659200
vt 0.416100 0.635400
vt 0.416100 0.620600
vt 0.467500 0.627000
vt 0.470800 0.634600
vt 0.467000 0.612800
vt 0.463700 0.601700
vt 0.113100 0.634700
vt 0.138400 0.618800
vt 0.448000 0.491700
vt 0.457500 0.541500
vt 0.449800 0.543200
vt 0.423100 0.481600
vt 0.439800 0.548900
vt 0.422900 0.498300
vt 0.379400 0.608800
vt 0.399400 0.607300
vt 0.412900 0.607800
vt 0.491500 0.591300
vt 0.460000 0.589000
vt 0.488400 0.578500
vt 0.411900 0.494500
vt 0.414600 0.516300
vt 0.405800 0.507400
vt 0.430500 0.554700
vt 0.492000 0.630700
vt 0.495200 0.634600
vt 0.495900 0.601700
vt 0.469500 0.558400
vt 0.464200 0.558400
vt 0.447800 0.574600
vt 0.437600 0.576300
vt 0.459900 0.575300
vt 0.504300 0.613000
vt 0.380900 0.557900
vt 0.388000 0.554300
vt 0.390100 0.584500
vt 0.379100 0.591800
vt 0.142700 0.581000
vt 0.157900 0.578000
vt 0.144600 0.603200
vt 0.126800 0.600700
vt 0.120200 0.609100
vt 0.108100 0.611700
vt 0.118700 0.620800
vt 0.174400 0.583000
vt 0.297400 0.050500
vt 0.280900 0.072800
vt 0.278500 0.069200
vt 0.292700 0.049500
vt 0.253900 0.077200
vt 0.254800 0.073100
vt 0.231200 0.062100
vt 0.234900 0.059800
vt 0.225300 0.035100
vt 0.230000 0.036100
vt 0.241800 0.012800
vt 0.244200 0.016400
vt 0.268800 0.008400
vt 0.267900 0.012500
vt 0.291600 0.023500
vt 0.287800 0.025800
vt 0.133100 0.055000
vt 0.113700 0.068500
vt 0.107200 0.038300
vt 0.137400 0.031800
vt 0.090400 0.064200
vt 0.077000 0.044800
vt 0.124000 0.012400
vt 0.100700 0.008200
vt 0.081300 0.021600
vt 0.265400 0.040500
vt 0.265900 0.044000
vt 0.261400 0.042800
vt 0.262500 0.038300
vt 0.263700 0.046700
vt 0.260200 0.047300
vt 0.259000 0.038800
vt 0.256900 0.041600
vt 0.257400 0.045100
vt 0.147000 0.096700
vt 0.147100 0.093600
vt 0.170800 0.094400
vt 0.170300 0.097400
vt 0.147100 0.090600
vt 0.171000 0.091200
vt 0.147200 0.087500
vt 0.170600 0.088100
vt 0.146900 0.099700
vt 0.170300 0.100400
vt 0.258100 0.091300
vt 0.258900 0.094400
vt 0.172600 0.097300
vt 0.171400 0.094500
vt 0.259400 0.097600
vt 0.172900 0.100400
vt 0.258900 0.085000
vt 0.258300 0.088100
vt 0.171700 0.091300
vt 0.172500 0.088900
vt 0.308500 0.012700
vt 0.318300 0.012600
vt 0.318300 0.020000
vt 0.308600 0.025600
vt 0.306400 0.025600
vt 0.306300 0.012700
vt 0.320500 0.012600
vt 0.320500 0.020000
vt 0.308500 0.010500
vt 0.318200 0.010400
vt 0.099100 0.102700
vt 0.099800 0.110100
vt 0.033000 0.111400
vt 0.032900 0.103100
vt 0.100900 0.117800
vt 0.033000 0.119700
vt 0.101600 0.128100
vt 0.033000 0.128000
vt 0.100800 0.138400
vt 0.033000 0.136300
vt 0.099800 0.146100
vt 0.032900 0.144600
vt 0.099100 0.153600
vt 0.032800 0.152800
vt 0.020600 0.150600
vt 0.020700 0.158800
vt 0.013500 0.163000
vt 0.013400 0.146500
vt 0.102000 0.100800
vt 0.102900 0.109700
vt 0.104800 0.115400
vt 0.107400 0.128300
vt 0.104700 0.141300
vt 0.102700 0.146900
vt 0.102000 0.155500
vt 0.343600 0.130100
vt 0.335000 0.138700
vt 0.330900 0.134600
vt 0.339100 0.126600
vt 0.350700 0.118900
vt 0.344500 0.116500
vt 0.354100 0.102400
vt 0.346900 0.102200
vt 0.351400 0.085900
vt 0.345300 0.088200
vt 0.344200 0.074500
vt 0.339500 0.077900
vt 0.335700 0.065200
vt 0.331300 0.069200
vt 0.006300 0.159000
vt 0.006300 0.150700
vt 0.330100 0.131300
vt 0.336400 0.125000
vt 0.341200 0.115300
vt 0.343100 0.102100
vt 0.341400 0.089900
vt 0.337100 0.079400
vt 0.330300 0.072500
vt 0.011400 0.184100
vt 0.034900 0.185000
vt 0.035300 0.188300
vt 0.011700 0.185300
vt 0.035500 0.179500
vt 0.035000 0.182800
vt 0.011400 0.183400
vt 0.011700 0.182300
vt 0.035200 0.177200
vt 0.011500 0.181400
vt 0.060800 0.186100
vt 0.060800 0.182900
vt 0.076200 0.183400
vt 0.076000 0.187600
vt 0.075000 0.198700
vt 0.061000 0.191800
vt 0.076700 0.172200
vt 0.061600 0.177100
vt 0.075400 0.168100
vt 0.060900 0.174000
vt 0.010700 0.185300
vt 0.011000 0.183800
vt 0.011000 0.183400
vt 0.011100 0.182300
vt 0.010700 0.181400
vt 0.010100 0.184900
vt 0.010700 0.183700
vt 0.010800 0.183300
vt 0.010700 0.182500
vt 0.010200 0.181900
vt 0.009900 0.184200
vt 0.010100 0.183800
vt 0.010300 0.183300
vt 0.010200 0.182700
vt 0.010000 0.182600
vt 0.145400 0.050700
vt 0.150100 0.049600
vt 0.164500 0.069100
vt 0.162200 0.072700
vt 0.188200 0.072800
vt 0.189100 0.077000
vt 0.207800 0.059200
vt 0.211600 0.061500
vt 0.212500 0.035500
vt 0.217100 0.034400
vt 0.198000 0.016000
vt 0.200400 0.012400
vt 0.174400 0.012300
vt 0.173400 0.008100
vt 0.154700 0.025900
vt 0.151000 0.023600
vt 0.013400 0.056700
vt 0.009400 0.033400
vt 0.039500 0.040200
vt 0.032700 0.070300
vt 0.069600 0.047000
vt 0.056000 0.066300
vt 0.023100 0.014100
vt 0.046300 0.010200
vt 0.065600 0.023800
vt 0.177200 0.040200
vt 0.180100 0.038100
vt 0.181300 0.042600
vt 0.176700 0.043800
vt 0.182500 0.047100
vt 0.178900 0.046600
vt 0.183700 0.038500
vt 0.185800 0.041300
vt 0.185300 0.044900
vt 0.011400 0.082600
vt 0.034600 0.081200
vt 0.035200 0.084200
vt 0.011500 0.085600
vt 0.035500 0.087400
vt 0.011700 0.088700
vt 0.035200 0.090400
vt 0.011800 0.091700
vt 0.011100 0.079500
vt 0.034500 0.078200
vt 0.122600 0.084500
vt 0.035800 0.084000
vt 0.036900 0.081200
vt 0.123300 0.081400
vt 0.037100 0.078100
vt 0.123600 0.078200
vt 0.123500 0.090800
vt 0.037100 0.089600
vt 0.036100 0.087300
vt 0.122800 0.087700
vt 0.308700 0.012500
vt 0.308600 0.025400
vt 0.318400 0.020000
vt 0.318400 0.012600
vt 0.306500 0.012500
vt 0.306400 0.025400
vt 0.320600 0.020000
vt 0.320700 0.012600
vt 0.318500 0.010400
vt 0.308700 0.010300
vt 0.183800 0.170700
vt 0.117700 0.171500
vt 0.117600 0.163300
vt 0.184300 0.163100
vt 0.117500 0.155000
vt 0.184800 0.155400
vt 0.117300 0.146700
vt 0.185400 0.146300
vt 0.117200 0.138400
vt 0.185400 0.136800
vt 0.116900 0.130100
vt 0.184700 0.127300
vt 0.116700 0.121800
vt 0.183400 0.119700
vt 0.006900 0.120700
vt 0.014000 0.116400
vt 0.014300 0.133000
vt 0.007100 0.128900
vt 0.187700 0.163200
vt 0.186800 0.172700
vt 0.188400 0.156700
vt 0.189800 0.146400
vt 0.190100 0.136400
vt 0.189000 0.125100
vt 0.185600 0.116900
vt 0.322200 0.076200
vt 0.316500 0.078800
vt 0.309200 0.067000
vt 0.315100 0.063300
vt 0.325900 0.089200
vt 0.320000 0.090400
vt 0.327100 0.102200
vt 0.321200 0.102300
vt 0.326200 0.115100
vt 0.320500 0.113900
vt 0.322200 0.128100
vt 0.316200 0.125400
vt 0.315100 0.141500
vt 0.308900 0.137800
vt 0.021400 0.128700
vt 0.021300 0.120500
vt 0.313100 0.079800
vt 0.307300 0.070700
vt 0.316800 0.091000
vt 0.318000 0.102400
vt 0.316700 0.112900
vt 0.313400 0.124400
vt 0.306900 0.134100
vt 0.076200 0.226700
vt 0.076000 0.228000
vt 0.052300 0.231100
vt 0.052700 0.227800
vt 0.052100 0.222300
vt 0.076000 0.224900
vt 0.076200 0.226100
vt 0.052700 0.225600
vt 0.052400 0.220000
vt 0.076100 0.224100
vt 0.026900 0.229100
vt 0.011600 0.230700
vt 0.011400 0.226500
vt 0.026800 0.225900
vt 0.026700 0.234800
vt 0.012700 0.241800
vt 0.010800 0.215300
vt 0.026000 0.220100
vt 0.012100 0.211200
vt 0.026600 0.217000
vt 0.076600 0.226400
vt 0.076900 0.228000
vt 0.076600 0.225000
vt 0.076600 0.226000
vt 0.076900 0.224100
vt 0.077000 0.226400
vt 0.077500 0.227600
vt 0.076900 0.225100
vt 0.076800 0.226000
vt 0.077400 0.224500
vt 0.077500 0.226400
vt 0.077800 0.226800
vt 0.077300 0.225900
vt 0.077500 0.225400
vt 0.077600 0.225200
vt 0.879200 0.290600
vt 0.878400 0.394300
vt 0.870800 0.394300
vt 0.871500 0.290600
vt 0.863100 0.394200
vt 0.863800 0.290500
vt 0.855400 0.394100
vt 0.856200 0.290300
vt 0.886900 0.290500
vt 0.886100 0.394300
vt 0.908400 0.290600
vt 0.916100 0.290600
vt 0.916900 0.394300
vt 0.909200 0.394300
vt 0.923800 0.290400
vt 0.924600 0.394200
vt 0.931500 0.290300
vt 0.932300 0.394000
vt 0.900700 0.290500
vt 0.901500 0.394300
vt 0.864000 0.282800
vt 0.871700 0.282900
vt 0.916000 0.282900
vt 0.923700 0.282700
vt 0.735800 0.235100
vt 0.736200 0.240500
vt 0.734700 0.240500
vt 0.733800 0.234800
vt 0.792300 0.234800
vt 0.794200 0.234400
vt 0.793800 0.240200
vt 0.792200 0.240200
vt 0.764100 0.231900
vt 0.764100 0.234700
vt 0.737800 0.235100
vt 0.737000 0.232600
vt 0.764200 0.243400
vt 0.764200 0.249600
vt 0.736800 0.249600
vt 0.736700 0.243200
vt 0.764200 0.240700
vt 0.737900 0.240700
vt 0.790400 0.234800
vt 0.791100 0.232400
vt 0.791700 0.243000
vt 0.790500 0.240500
vt 0.801200 0.236300
vt 0.803700 0.241600
vt 0.794300 0.231100
vt 0.801200 0.233000
vt 0.791400 0.249300
vt 0.802500 0.244600
vt 0.798600 0.249200
vt 0.725000 0.241700
vt 0.727400 0.236100
vt 0.726200 0.244900
vt 0.730100 0.249700
vt 0.734000 0.231400
vt 0.727500 0.232800
vt 0.702500 0.260800
vt 0.701500 0.286600
vt 0.692600 0.287200
vt 0.692700 0.261200
vt 0.712400 0.260400
vt 0.711000 0.285800
vt 0.682800 0.260500
vt 0.683800 0.286400
vt 0.674300 0.285500
vt 0.672900 0.260100
vt 0.702200 0.309500
vt 0.692400 0.310800
vt 0.712100 0.307700
vt 0.682600 0.309100
vt 0.672900 0.307200
vt 0.686500 0.251100
vt 0.669800 0.234400
vt 0.674500 0.229800
vt 0.691200 0.246500
vt 0.669800 0.225200
vt 0.686500 0.208500
vt 0.691200 0.213100
vt 0.695800 0.208500
vt 0.712500 0.225200
vt 0.707800 0.229800
vt 0.712500 0.234400
vt 0.695800 0.251100
vt 0.618800 0.089600
vt 0.611600 0.117400
vt 0.604400 0.117300
vt 0.613800 0.089200
vt 0.622400 0.089300
vt 0.623000 0.118700
vt 0.633400 0.104900
vt 0.633300 0.122700
vt 0.644300 0.091200
vt 0.639800 0.125800
vt 0.650800 0.092200
vt 0.646300 0.124300
vt 0.655500 0.094900
vt 0.650800 0.122000
vt 0.607700 0.130500
vt 0.596900 0.128100
vt 0.620300 0.134500
vt 0.633100 0.139600
vt 0.643500 0.143700
vt 0.652100 0.138500
vt 0.655500 0.131100
vt 0.586200 0.174200
vt 0.571700 0.160400
vt 0.604400 0.176700
vt 0.632500 0.175900
vt 0.652100 0.174800
vt 0.668200 0.165700
vt 0.683800 0.152000
vt 0.485300 0.009400
vt 0.489400 0.008700
vt 0.486000 0.047800
vt 0.479700 0.046900
vt 0.494900 0.007300
vt 0.492400 0.046600
vt 0.499200 0.006800
vt 0.502000 0.044200
vt 0.377900 0.009600
vt 0.383200 0.009500
vt 0.377900 0.057900
vt 0.370100 0.057600
vt 0.388800 0.009100
vt 0.388300 0.056900
vt 0.394300 0.008800
vt 0.399700 0.055900
vt 0.545400 0.005800
vt 0.550600 0.006400
vt 0.550600 0.071500
vt 0.540600 0.070000
vt 0.556100 0.005000
vt 0.560000 0.070200
vt 0.560300 0.003200
vt 0.566200 0.067300
vt 0.579500 0.009600
vt 0.586000 0.009300
vt 0.587900 0.063200
vt 0.579400 0.062400
vt 0.592000 0.005400
vt 0.594600 0.058900
vt 0.574700 0.006100
vt 0.572100 0.058500
vt 0.511700 0.007000
vt 0.516800 0.008000
vt 0.514800 0.061500
vt 0.505500 0.061000
vt 0.523000 0.008500
vt 0.523700 0.063700
vt 0.527700 0.006700
vt 0.533300 0.060500
vt 0.647300 0.008700
vt 0.649900 0.010100
vt 0.653800 0.062600
vt 0.646300 0.060800
vt 0.654900 0.010600
vt 0.659900 0.062300
vt 0.640300 0.007700
vt 0.638100 0.059200
vt 0.343200 0.007600
vt 0.350800 0.009700
vt 0.349800 0.062800
vt 0.341600 0.060600
vt 0.359100 0.009200
vt 0.361900 0.061500
vt 0.335300 0.005100
vt 0.328200 0.058100
vt 0.418300 0.008500
vt 0.426400 0.010000
vt 0.427000 0.064400
vt 0.416600 0.063700
vt 0.433900 0.007600
vt 0.437300 0.059900
vt 0.410700 0.005100
vt 0.411200 0.061100
vt 0.453700 0.004900
vt 0.460700 0.005700
vt 0.460500 0.056100
vt 0.451200 0.056000
vt 0.468900 0.004600
vt 0.474800 0.055100
vt 0.446300 0.003100
vt 0.444500 0.055200
vt 0.604100 0.012700
vt 0.609100 0.014400
vt 0.606600 0.052300
vt 0.602600 0.050800
vt 0.614700 0.014200
vt 0.615300 0.051200
vt 0.620100 0.013300
vt 0.625000 0.049200
s 1
usemtl Vespa
f 1/1/1 2/2/2 3/3/3 4/4/4
f 1/1/1 4/4/4 5/5/5 6/6/6
f 6/6/6 5/5/5 7/7/7 8/8/8
f 8/8/8 7/7/7 9/9/9 10/10/10
f 10/10/10 9/9/9 11/11/11 12/12/12
f 13/13/13 14/14/14 15/15/15 16/16/16
f 17/17/17 18/18/18 19/19/19 20/20/20
f 21/21/21 22/22/22 23/23/23 24/24/24
f 22/22/22 25/25/25 26/26/26 23/23/23
f 27/27/27 28/28/28 20/20/20 24/24/24
f 29/29/29 26/26/26 30/30/30 31/31/31
f 25/25/25 32/32/32 33/33/33 34/34/34
f 32/32/32 35/35/35 36/36/36 33/33/33
f 35/35/35 37/37/37 38/38/38 36/36/36
f 38/38/38 37/37/37 39/39/39 40/40/40
f 40/40/40 39/39/39 41/41/41 42/42/42
f 19/43/43 43/44/44 44/45/45 21/46/46
f 21/46/46 44/45/45 45/47/47 22/48/48
f 22/48/48 45/47/47 46/49/49 25/50/50
f 25/50/50 46/49/49 47/51/51 32/52/52
f 32/52/52 47/51/51 48/53/53 35/54/54
f 35/54/54 48/53/53 49/55/55 37/56/56
f 39/57/57 50/58/58 51/59/59 41/60/60
f 37/56/56 49/55/55 50/58/58 39/57/57
f 15/15/15 28/61/28 52/62/61 16/16/16
f 28/61/28 27/63/27 53/64/62 52/62/61
f 27/63/27 54/65/63 55/66/64 53/64/62
f 54/65/63 29/67/29 56/68/65 55/66/64
f 29/67/29 31/69/31 57/70/66 56/68/65
f 19/43/43 18/71/67 58/72/68 43/44/44
f 17/17/17 20/20/20 28/28/28 15/73/15
f 24/24/24 23/23/23 54/74/63 27/27/27
f 23/23/23 26/26/26 29/29/29 54/74/63
f 21/21/21 24/24/24 20/20/20 19/19/19
f 30/30/30 26/26/26 25/25/25 34/34/34
f 36/36/36 59/75/69 60/76/70 33/33/33
f 38/38/38 61/77/71 59/75/69 36/36/36
f 40/40/40 62/78/72 61/77/71 38/38/38
f 42/42/42 63/79/73 62/78/72 40/40/40
f 43/44/44 64/80/74 65/81/75 44/45/45
f 44/45/45 65/81/75 66/82/76 45/47/47
f 45/47/47 66/82/76 67/83/77 46/49/49
f 46/49/49 67/83/77 68/84/78 47/51/51
f 47/51/51 68/84/78 69/85/79 48/53/53
f 48/53/53 69/85/79 70/86/80 49/55/55
f 50/58/58 71/87/81 72/88/82 51/59/59
f 49/55/55 70/86/80 71/87/81 50/58/58
f 58/72/68 73/89/83 64/80/74 43/44/44
f 64/80/74 74/90/84 75/91/85 65/81/75
f 65/81/75 75/91/85 76/92/86 66/82/76
f 66/82/76 76/92/86 77/93/87 67/83/77
f 67/83/77 77/93/87 78/94/88 68/84/78
f 68/84/78 78/94/88 79/95/89 69/85/79
f 69/85/79 79/95/89 80/96/90 70/86/80
f 71/87/81 81/97/91 82/98/92 72/88/82
f 70/86/80 80/96/90 81/97/91 71/87/81
f 73/89/83 83/99/93 74/90/84 64/80/74
f 81/97/91 74/90/84 83/99/93 82/98/92
f 80/96/90 75/91/85 74/90/84 81/97/91
f 79/95/89 76/92/86 75/91/85 80/96/90
f 78/94/88 77/93/87 76/92/86 79/95/89
f 17/17/17 84/100/94 85/101/95 18/18/96
f 15/73/15 86/102/97 84/100/94 17/17/17
f 15/15/15 14/14/14 87/103/98 86/104/97
f 3/3/3 88/105/99 89/106/100 4/4/4
f 4/4/4 89/106/100 90/107/101 5/5/5
f 5/5/5 90/107/101 91/108/102 7/7/7
f 7/7/7 91/108/102 92/109/103 9/9/9
f 11/11/11 9/9/9 92/109/103 93/110/104
f 30/30/30 94/111/105 95/112/106 31/31/31
f 31/69/31 95/113/106 96/114/107 57/70/66
f 60/76/70 97/115/108 98/116/109 33/33/33
f 33/33/33 98/116/109 99/117/110 34/34/34
f 34/34/34 99/117/110 94/111/105 30/30/30
f 94/111/105 100/118/111 101/119/112 95/112/106
f 97/115/108 102/120/113 103/121/114 98/116/109
f 98/116/109 103/121/114 104/122/115 99/117/110
f 99/117/110 104/122/115 100/118/111 94/111/105
f 2/2/2 105/123/116 106/124/117 3/3/3
f 3/3/3 106/124/117 107/125/118 88/105/99
f 12/12/12 11/11/11 14/126/14 13/127/13
f 14/126/14 11/11/11 93/110/104 87/128/98
f 1/1/1 108/129/119 109/130/120 2/2/2
f 1/1/1 6/6/6 110/131/121 108/129/119
f 6/6/6 8/8/8 111/132/122 110/131/121
f 8/8/8 10/10/10 112/133/123 111/132/122
f 10/10/10 12/12/12 113/134/124 112/133/123
f 13/13/13 16/16/16 114/135/125 115/136/126
f 116/137/127 117/138/128 118/139/129 119/140/130
f 120/141/131 121/142/132 122/143/133 123/144/134
f 123/144/134 122/143/133 124/145/135 125/146/136
f 126/147/137 121/142/132 117/138/128 127/148/138
f 128/149/139 129/150/140 130/151/141 124/145/135
f 125/146/136 131/152/142 132/153/143 133/154/144
f 133/154/144 132/153/143 134/155/145 135/156/146
f 135/156/146 134/155/145 136/157/147 137/158/148
f 136/157/147 138/159/149 139/160/150 137/158/148
f 138/159/149 140/161/151 141/162/152 139/160/150
f 118/163/153 120/164/154 142/165/155 143/166/156
f 120/164/154 123/167/157 144/168/158 142/165/155
f 123/167/157 125/169/159 145/170/160 144/168/158
f 125/169/159 133/171/161 146/172/162 145/170/160
f 133/171/161 135/173/163 147/174/164 146/172/162
f 135/173/163 137/175/165 148/176/166 147/174/164
f 139/177/167 141/178/168 149/179/169 150/180/170
f 137/175/165 139/177/167 150/180/170 148/176/166
f 114/135/125 16/16/16 52/62/61 127/181/138
f 127/181/138 52/62/61 53/64/62 126/182/137
f 126/182/137 53/64/62 55/66/64 151/183/171
f 151/183/171 55/66/64 56/68/65 128/184/139
f 128/184/139 56/68/65 57/70/66 129/185/140
f 118/163/153 143/166/156 152/186/172 119/187/173
f 116/137/127 114/188/125 127/148/138 117/138/128
f 121/142/132 126/147/137 151/189/171 122/143/133
f 122/143/133 151/189/171 128/149/139 124/145/135
f 120/141/131 118/139/129 117/138/128 121/142/132
f 130/151/141 131/152/142 125/146/136 124/145/135
f 134/155/145 132/153/143 60/190/70 59/191/69
f 136/157/147 134/155/145 59/191/69 61/192/71
f 138/159/149 136/157/147 61/192/71 62/193/72
f 140/161/151 138/159/149 62/193/72 63/194/73
f 143/166/156 142/165/155 153/195/174 154/196/175
f 142/165/155 144/168/158 155/197/176 153/195/174
f 144/168/158 145/170/160 156/198/177 155/197/176
f 145/170/160 146/172/162 157/199/178 156/198/177
f 146/172/162 147/174/164 158/200/179 157/199/178
f 147/174/164 148/176/166 159/201/180 158/200/179
f 150/180/170 149/179/169 160/202/181 161/203/182
f 148/176/166 150/180/170 161/203/182 159/201/180
f 152/186/172 143/166/156 154/196/175 162/204/183
f 154/196/175 153/195/174 163/205/184 164/206/185
f 153/195/174 155/197/176 165/207/186 163/205/184
f 155/197/176 156/198/177 166/208/187 165/207/186
f 156/198/177 157/199/178 167/209/188 166/208/187
f 157/199/178 158/200/179 168/210/189 167/209/188
f 158/200/179 159/201/180 169/211/190 168/210/189
f 161/203/182 160/202/181 170/212/191 171/213/192
f 159/201/180 161/203/182 171/213/192 169/211/190
f 162/204/183 154/196/175 164/206/185 172/214/193
f 171/213/192 170/212/191 172/214/193 164/206/185
f 169/211/190 171/213/192 164/206/185 163/205/184
f 168/210/189 169/211/190 163/205/184 165/207/186
f 167/209/188 168/210/189 165/207/186 166/208/187
f 116/137/127 119/140/130 173/215/194 174/216/195
f 114/188/125 116/137/127 174/216/195 175/217/196
f 114/135/125 175/218/196 176/219/197 115/136/126
f 109/130/120 108/129/119 177/220/198 178/221/199
f 108/129/119 110/131/121 179/222/200 177/220/198
f 110/131/121 111/132/122 180/223/201 179/222/200
f 111/132/122 112/133/123 181/224/202 180/223/201
f 113/134/124 182/225/203 181/224/202 112/133/123
f 130/151/141 129/150/140 183/226/204 184/227/205
f 129/185/140 57/70/66 96/114/107 183/228/204
f 60/190/70 132/153/143 185/229/206 97/230/108
f 132/153/143 131/152/142 186/231/207 185/229/206
f 131/152/142 130/151/141 184/227/205 186/231/207
f 184/227/205 183/226/204 187/232/208 188/233/209
f 97/230/108 185/229/206 189/234/210 102/235/113
f 185/229/206 186/231/207 190/236/211 189/234/210
f 186/231/207 184/227/205 188/233/209 190/236/211
f 2/2/2 109/130/120 191/237/212 105/123/116
f 109/130/120 178/221/199 192/238/213 191/237/212
f 12/12/12 13/127/13 115/239/126 113/134/124
f 115/239/126 176/240/197 182/225/203 113/134/124
f 95/113/106 101/241/112 193/242/214 96/114/107
f 96/114/107 193/242/214 187/243/208 183/228/204
f 194/244/215 195/245/216 196/246/217 197/247/218
f 198/248/219 199/249/220 200/250/221 201/251/222
f 202/252/223 203/253/224 198/248/219 195/245/216
f 204/254/225 205/255/226 199/249/220 206/256/227
f 196/246/217 201/251/222 207/257/228 208/258/229
f 209/259/230 210/260/231 211/261/232 200/250/221
f 197/247/218 196/246/217 208/258/229 212/262/233
f 200/250/221 211/261/232 207/257/228 201/251/222
f 194/263/215 213/264/234 214/265/235 215/266/236
f 209/259/230 205/267/226 216/268/237 210/260/231
f 217/269/238 218/270/239 208/258/229 207/257/228
f 219/271/240 220/272/241 211/261/232 210/260/231
f 218/270/239 221/273/242 212/262/233 208/258/229
f 220/272/241 217/269/238 207/257/228 211/261/232
f 212/262/233 221/273/242 222/274/243 213/264/234
f 223/275/244 224/276/245 216/268/237 225/277/246
f 215/278/236 202/252/223 195/245/216 194/244/215
f 203/253/224 206/256/227 199/249/220 198/248/219
f 201/251/222 196/246/217 195/245/216 198/248/219
f 205/255/226 209/259/230 200/250/221 199/249/220
f 197/247/218 212/262/233 213/264/234 194/263/215
f 205/267/226 204/279/225 225/277/246 216/268/237
f 226/280/247 214/265/235 213/264/234 222/274/243
f 224/276/245 219/271/240 210/260/231 216/268/237
f 227/281/248 228/282/249 229/283/250 230/284/251
f 231/285/252 232/286/253 233/287/254 234/288/255
f 235/289/256 230/284/251 231/285/252 236/290/257
f 237/291/258 238/292/259 234/288/255 239/293/260
f 229/283/250 240/294/261 241/295/262 232/286/253
f 242/296/263 233/287/254 243/297/264 244/298/265
f 228/282/249 245/299/266 240/294/261 229/283/250
f 233/287/254 232/286/253 241/295/262 243/297/264
f 227/300/248 246/301/267 247/302/268 248/303/269
f 242/296/263 244/298/265 249/304/270 239/305/260
f 217/269/238 241/295/262 240/294/261 218/270/239
f 219/271/240 244/298/265 243/297/264 220/272/241
f 218/270/239 240/294/261 245/299/266 221/273/242
f 220/272/241 243/297/264 241/295/262 217/269/238
f 245/299/266 248/303/269 222/274/243 221/273/242
f 223/275/244 250/306/271 249/304/270 224/276/245
f 246/307/267 227/281/248 230/284/251 235/289/256
f 236/290/257 231/285/252 234/288/255 238/292/259
f 232/286/253 231/285/252 230/284/251 229/283/250
f 239/293/260 234/288/255 233/287/254 242/296/263
f 228/282/249 227/300/248 248/303/269 245/299/266
f 239/305/260 249/304/270 250/306/271 237/308/258
f 226/280/247 222/274/243 248/303/269 247/302/268
f 224/276/245 249/304/270 244/298/265 219/271/240
s 0
f 202/252/272 215/278/272 251/309/272 252/310/272
f 206/256/273 203/253/273 253/311/273 254/312/273
f 203/253/272 202/252/272 252/310/272 253/311/272
f 204/254/274 206/256/274 254/312/274 255/313/274
f 214/265/275 226/280/275 256/314/275 257/315/275
f 225/277/276 204/279/276 255/316/276 258/317/276
f 215/266/277 214/265/277 257/315/277 251/318/277
f 223/275/278 225/277/278 258/317/278 259/319/278
f 235/289/279 236/290/279 260/320/279 261/321/279
f 238/292/280 237/291/280 262/322/280 263/323/280
f 247/302/281 246/301/281 264/324/281 265/325/281
f 250/306/282 223/275/282 259/319/282 266/326/282
f 246/307/279 235/289/279 261/321/279 264/327/279
f 236/290/283 238/292/283 263/323/283 260/320/283
f 237/308/284 250/306/284 266/326/284 262/328/284
f 226/280/285 247/302/285 265/325/285 256/314/285
s 1
f 267/329/286 268/330/287 269/331/288 270/332/289
f 270/332/289 269/331/288 271/333/290 272/334/291
f 272/334/291 271/333/290 273/335/292 274/336/293
f 275/337/294 276/338/295 274/336/293 273/335/292
f 277/339/296 278/340/297 279/341/298 280/342/299
f 281/343/300 282/344/301 283/345/302 284/346/303
f 268/330/287 267/329/286 281/343/300 284/346/303
f 285/347/304 286/348/305 287/349/306 288/350/307
f 286/348/305 289/351/308 290/352/309 287/349/306
f 289/351/308 291/353/310 292/354/311 290/352/309
f 291/353/310 293/355/312 294/356/313 292/354/311
f 295/357/314 296/358/315 297/359/316 298/360/317
f 299/361/318 300/362/319 301/363/320 302/364/321
f 288/350/307 300/362/319 299/361/318 285/347/304
f 303/365/322 304/366/323 305/367/324 306/368/325
f 307/369/326 308/370/327 309/371/328 310/372/329
f 308/370/327 311/373/330 312/374/331 309/371/328
f 311/373/330 313/375/332 314/376/333 312/374/331
f 314/376/333 313/375/332 315/377/334 316/378/335
f 317/379/336 318/380/337 319/381/338 320/382/339
f 321/383/340 307/369/326 304/366/323 303/365/322
f 304/366/323 322/384/341 323/385/342 305/367/324
f 321/383/340 324/386/343 308/370/327 307/369/326
f 324/386/343 325/387/344 311/373/330 308/370/327
f 325/387/344 326/388/345 313/375/332 311/373/330
f 313/375/332 326/388/345 327/389/346 315/377/334
f 328/390/347 329/391/348 318/380/349 317/379/336
f 310/372/329 322/384/341 304/366/323 307/369/326
f 303/365/322 306/368/325 330/392/350 331/393/351
f 332/394/352 333/395/353 334/396/354 335/397/355
f 335/397/355 334/396/354 336/398/356 337/399/357
f 337/399/357 336/398/356 338/400/358 339/401/359
f 338/400/358 340/402/360 341/403/361 339/401/359
f 342/404/362 343/405/363 344/406/364 345/407/365
f 321/383/340 303/365/322 331/393/351 332/394/352
f 331/393/351 330/392/350 346/408/366 347/409/367
f 321/383/340 332/394/352 335/397/355 324/386/343
f 324/386/343 335/397/355 337/399/357 325/387/344
f 325/387/344 337/399/357 339/401/359 326/388/345
f 339/401/359 341/403/361 327/389/346 326/388/345
f 328/390/347 342/404/362 345/407/365 329/391/348
f 333/395/353 332/394/352 331/393/351 347/409/367
f 333/410/368 288/350/369 287/349/370 334/411/371
f 336/412/372 334/411/371 287/349/370 290/352/373
f 336/412/372 290/352/373 292/354/374 338/413/375
f 340/414/376 294/356/377 298/360/378 343/415/379
f 346/416/380 301/363/381 300/362/382 347/417/383
f 347/417/383 300/362/382 288/350/369 333/410/368
f 343/415/379 298/360/378 297/359/384 344/418/385
f 320/419/386 319/420/387 279/341/388 278/340/389
f 314/421/390 316/422/391 275/337/392 273/335/393
f 312/423/394 314/421/390 273/335/393 271/333/395
f 312/423/394 271/333/395 269/331/396 309/424/397
f 310/425/398 309/424/397 269/331/396 268/330/399
f 322/426/400 310/425/398 268/330/399 284/346/401
f 323/427/402 322/426/400 284/346/401 283/345/403
f 305/428/404 323/427/402 283/345/403 282/344/405
f 330/429/406 302/364/407 301/363/381 346/416/380
f 282/344/301 281/343/300 348/430/408 349/431/409
f 281/343/300 267/329/286 350/432/410 348/430/408
f 267/329/286 270/332/289 351/433/411 350/432/410
f 270/332/289 272/334/291 352/434/412 351/433/411
f 272/334/291 274/336/293 353/435/413 352/434/412
f 276/338/295 354/436/414 353/435/413 274/336/293
f 299/361/318 302/364/321 349/437/409 355/438/415
f 286/348/305 285/347/304 356/439/416 357/440/417
f 289/351/308 286/348/305 357/440/417 358/441/418
f 291/353/310 289/351/308 358/441/418 359/442/419
f 295/357/314 293/355/312 360/443/420 361/444/421
f 285/347/304 299/361/318 355/438/415 356/439/416
f 278/340/297 277/339/296 276/338/295 275/337/294
f 293/355/312 295/357/314 298/360/317 294/356/313
f 317/445/336 320/446/339 316/378/335 315/377/334
f 328/447/347 317/445/336 315/377/334 327/389/346
f 340/402/360 343/448/363 342/449/362 341/403/361
f 341/403/361 342/449/362 328/447/347 327/389/346
f 338/413/375 292/354/374 294/356/377 340/414/376
f 316/422/391 320/419/386 278/340/389 275/337/392
f 277/339/296 362/450/422 354/436/414 276/338/295
f 293/355/312 291/353/310 359/442/419 360/443/420
f 362/450/422 277/339/296 280/342/299 363/451/423
f 295/357/314 361/444/421 364/358/424 296/358/315
f 345/452/425 344/418/385 297/359/384 296/358/426
f 318/453/427 280/342/428 279/341/388 319/420/387
f 349/437/429 302/364/407 330/429/406 306/454/430
f 349/431/429 306/455/430 305/428/404 282/344/405
f 365/456/431 366/457/432 367/458/433 368/459/434
f 366/457/432 369/460/435 370/461/436 371/462/437
f 370/461/436 369/460/435 372/463/438 373/464/439
f 374/465/440 375/466/441 376/467/442 373/464/439
f 373/464/439 376/467/442 377/468/443 370/461/436
f 378/469/444 379/470/445 380/471/446 381/472/447
f 366/457/432 371/462/437 382/473/448 367/458/433
f 365/456/431 383/474/449 369/460/435 366/457/432
f 383/474/449 384/475/450 372/463/438 369/460/435
f 374/465/440 385/476/451 380/471/446 379/470/445 386/477/452
f 385/478/453 387/479/454 388/480/455 380/481/456
f 372/482/457 384/483/458 389/484/459 390/485/460
f 386/477/452 391/486/461 375/466/441 374/465/440
f 373/464/439 372/463/438 385/476/451 374/465/440
f 385/478/453 372/482/457 390/485/460 387/479/454
f 387/479/454 390/485/460 392/487/462 393/488/463
f 390/485/460 389/484/459 394/489/464 392/487/462
f 388/480/455 387/479/454 393/488/463 395/490/465
f 381/491/466 380/481/456 388/480/455 396/492/467
f 388/480/455 395/490/465 397/493/468 396/492/467
f 365/456/431 368/459/434 398/494/469 399/495/470
f 399/495/470 400/496/471 401/497/472 402/498/473
f 401/497/472 403/499/474 404/500/475 402/498/473
f 405/501/476 403/499/474 406/502/477 407/503/478
f 403/499/474 401/497/472 408/504/479 406/502/477
f 378/469/444 381/472/447 409/505/480 410/506/481
f 399/495/470 398/494/469 411/507/482 400/496/471
f 365/456/431 399/495/470 402/498/473 383/474/449
f 383/474/449 402/498/473 404/500/475 384/475/450
f 409/505/480 412/508/483 405/501/476 413/509/484 410/506/481
f 412/510/485 409/511/486 414/512/487 415/513/488
f 404/514/489 416/515/490 389/484/459 384/483/458
f 413/509/484 405/501/476 407/503/478 417/516/491
f 403/499/474 405/501/476 412/508/483 404/500/475
f 412/510/485 415/513/488 416/515/490 404/514/489
f 415/513/488 418/517/492 419/518/493 416/515/490
f 416/515/490 419/518/493 394/489/464 389/484/459
f 414/512/487 420/519/494 418/517/492 415/513/488
f 381/491/466 396/492/467 414/512/487 409/511/486
f 397/493/468 420/519/494 414/512/487 396/492/467
f 420/519/494 397/493/468 421/520/495 418/517/492
f 421/520/495 397/493/468 395/490/465 393/488/463
f 419/518/493 418/517/492 421/520/495 394/489/464
f 421/520/495 393/488/463 392/487/462 394/489/464
f 417/521/496 422/522/497 423/523/498 413/509/499
f 422/522/497 391/524/500 386/477/501 423/523/498
s 0
f 378/469/502 410/506/502 413/509/502 423/523/502
f 378/469/503 423/523/503 386/477/503 379/470/503
s 1
f 398/494/469 368/459/434 424/525/504 411/507/482
f 424/525/504 368/459/434 367/458/433 382/473/448
f 425/526/505 426/527/506 427/528/507 428/529/508
f 426/527/506 429/530/509 430/531/510 427/528/507
f 429/530/509 431/532/511 432/533/512 430/531/510
f 431/532/511 433/534/513 434/535/514 432/533/512
f 433/534/513 435/536/515 436/537/516 434/535/514
f 426/538/506 425/539/505 437/540/517 438/541/518
f 429/542/509 426/538/506 438/541/518 439/543/519
f 431/544/511 429/542/509 439/543/519 440/545/520
f 433/546/513 431/544/511 440/545/520 441/547/521
f 435/548/515 433/546/513 441/547/521 442/549/522
f 438/541/518 437/540/517 443/550/523 444/551/524
f 439/543/519 438/541/518 444/551/524 445/552/524
f 440/545/520 439/543/519 445/552/524 446/553/524
f 441/547/521 440/545/520 446/553/524 447/554/525
f 442/549/522 441/547/521 447/554/525 448/555/525
f 449/556/526 428/529/508 427/528/507 450/557/527
f 450/557/527 427/528/507 430/531/510 451/558/528
f 451/558/528 430/531/510 432/533/512 452/559/529
f 452/559/529 432/533/512 434/535/514 453/560/530
f 453/560/530 434/535/514 436/537/516 454/561/531
f 450/562/527 455/563/532 456/564/533 449/565/526
f 451/566/528 457/567/534 455/563/532 450/562/527
f 452/568/529 458/569/535 457/567/534 451/566/528
f 453/570/530 459/571/536 458/569/535 452/568/529
f 454/572/531 460/573/537 459/571/536 453/570/530
f 455/563/532 461/574/538 462/575/539 456/564/533
f 457/567/534 463/576/538 461/574/538 455/563/532
f 458/569/535 464/577/538 463/576/538 457/567/534
f 459/571/536 465/578/540 464/577/538 458/569/535
f 460/573/537 466/579/541 465/578/540 459/571/536
f 467/580/542 468/581/543 469/582/544 470/583/545
f 468/581/543 471/584/546 472/585/547 469/582/544
f 471/584/546 473/586/548 474/587/549 472/585/547
f 473/586/548 475/588/550 476/589/551 474/587/549
f 475/588/550 477/590/552 478/591/553 476/589/551
f 477/590/552 479/592/554 480/593/555 478/591/553
f 479/592/554 481/594/556 482/595/557 480/593/555
f 481/594/556 483/596/558 484/597/559 482/595/557
f 483/596/558 485/598/560 486/599/561 484/597/559
f 485/598/560 487/600/562 488/601/563 486/599/561
f 487/600/562 489/602/564 490/603/565 488/601/563
f 489/602/564 491/604/566 492/605/567 490/603/565
f 491/606/566 493/607/568 494/608/569 492/609/567
f 493/607/568 495/610/570 496/611/571 494/608/569
f 495/610/570 497/612/572 498/613/573 496/611/571
f 497/612/572 467/580/542 470/583/545 498/613/573
f 470/583/545 469/582/544 499/614/574 500/615/575
f 469/582/544 472/585/547 501/616/576 499/614/574
f 472/585/547 474/587/549 502/617/577 501/616/576
f 474/587/549 476/589/551 503/618/578 502/617/577
f 476/589/551 478/591/553 504/619/579 503/618/578
f 478/591/553 480/593/555 505/620/580 504/619/579
f 480/593/555 482/595/557 506/621/581 505/620/580
f 482/595/557 484/597/559 507/622/582 506/621/581
f 484/597/559 486/599/561 508/623/583 507/622/582
f 486/599/561 488/601/563 509/624/584 508/623/583
f 488/601/563 490/603/565 510/625/585 509/624/584
f 490/603/565 492/605/567 511/626/586 510/625/585
f 492/609/567 494/608/569 512/627/587 511/628/586
f 494/608/569 496/611/571 513/629/588 512/627/587
f 496/611/571 498/613/573 514/630/589 513/629/588
f 498/613/573 470/583/545 500/615/575 514/630/589
f 500/615/575 499/614/574 515/631/590 516/632/591
f 499/614/574 501/616/576 517/633/592 515/631/590
f 501/616/576 502/617/577 518/634/593 517/633/592
f 502/617/577 503/618/578 519/635/594 518/634/593
f 503/618/578 504/619/579 520/636/595 519/635/594
f 504/619/579 505/620/580 521/637/596 520/636/595
f 505/620/580 506/621/581 522/638/597 521/637/596
f 506/621/581 507/622/582 523/639/598 522/638/597
f 507/622/582 508/623/583 524/640/599 523/639/598
f 508/623/583 509/624/584 525/641/600 524/640/599
f 509/624/584 510/625/585 526/642/601 525/641/600
f 510/625/585 511/626/586 527/643/602 526/642/601
f 511/628/586 512/627/587 528/644/603 527/645/602
f 512/627/587 513/629/588 529/646/604 528/644/603
f 513/629/588 514/630/589 530/647/605 529/646/604
f 514/630/589 500/615/575 516/632/591 530/647/605
f 468/648/543 467/649/542 531/650/606 532/651/607
f 471/652/546 468/648/543 532/651/607 533/653/608
f 473/654/548 471/652/546 533/653/608 534/655/609
f 475/656/550 473/654/548 534/655/609 535/657/610
f 477/658/552 475/656/550 535/657/610 536/659/611
f 479/660/554 477/658/552 536/659/611 537/661/612
f 481/662/556 479/660/554 537/661/612 538/663/613
f 483/664/558 481/662/556 538/663/613 539/665/614
f 485/666/560 483/664/558 539/665/614 540/667/615
f 487/668/562 485/666/560 540/667/615 541/669/616
f 489/670/564 487/668/562 541/669/616 542/671/617
f 491/672/566 489/670/564 542/671/617 543/673/618
f 493/674/568 491/672/566 543/673/618 544/675/619
f 495/676/570 493/674/568 544/675/619 545/677/620
f 497/678/572 495/676/570 545/677/620 546/679/621
f 467/649/542 497/678/572 546/679/621 531/650/606
f 516/680/591 515/681/590 547/682/622 548/683/623
f 515/681/590 517/684/592 549/685/624 547/682/622
f 517/684/592 518/686/593 550/687/625 549/685/624
f 518/686/593 519/688/594 551/689/626 550/687/625
f 519/688/594 520/690/595 552/691/627 551/689/626
f 520/690/595 521/692/596 553/693/628 552/691/627
f 521/692/596 522/694/597 554/695/629 553/693/628
f 522/694/597 523/696/598 555/697/630 554/695/629
f 523/696/598 524/698/599 556/699/631 555/697/630
f 524/698/599 525/700/600 557/701/632 556/699/631
f 525/700/600 526/702/601 558/703/633 557/701/632
f 526/702/601 527/704/602 559/705/634 558/703/633
f 527/704/602 528/706/603 560/707/635 559/705/634
f 528/706/603 529/708/604 561/709/636 560/707/635
f 529/708/604 530/710/605 562/711/637 561/709/636
f 530/710/605 516/680/591 548/683/623 562/711/637
f 532/651/607 531/650/606 563/712/638 564/713/639
f 533/653/608 532/651/607 564/713/639 565/714/640
f 534/655/609 533/653/608 565/714/640 566/715/641
f 535/657/610 534/655/609 566/715/641 567/716/642
f 536/659/611 535/657/610 567/716/642 568/717/643
f 537/661/612 536/659/611 568/717/643 569/718/644
f 538/663/613 537/661/612 569/718/644 570/719/645
f 539/665/614 538/663/613 570/719/645 571/720/646
f 540/667/615 539/665/614 571/720/646 572/721/647
f 541/669/616 540/667/615 572/721/647 573/722/648
f 542/671/617 541/669/616 573/722/648 574/723/649
f 543/673/618 542/671/617 574/723/649 575/724/650
f 544/675/619 543/673/618 575/724/650 576/725/651
f 545/677/620 544/675/619 576/725/651 577/726/652
f 546/679/621 545/677/620 577/726/652 578/727/653
f 531/650/606 546/679/621 578/727/653 563/712/638
f 548/683/623 547/682/622 579/728/654 580/729/655
f 547/682/622 549/685/624 581/730/656 579/728/654
f 549/685/624 550/687/625 582/731/657 581/730/656
f 550/687/625 551/689/626 583/732/658 582/731/657
f 551/689/626 552/691/627 584/733/659 583/732/658
f 552/691/627 553/693/628 585/734/660 584/733/659
f 553/693/628 554/695/629 586/735/661 585/734/660
f 554/695/629 555/697/630 587/736/662 586/735/661
f 555/697/630 556/699/631 588/737/663 587/736/662
f 556/699/631 557/701/632 589/738/664 588/737/663
f 557/701/632 558/703/633 590/739/665 589/738/664
f 558/703/633 559/705/634 591/740/666 590/739/665
f 559/705/634 560/707/635 592/741/667 591/740/666
f 560/707/635 561/709/636 593/742/668 592/741/667
f 561/709/636 562/711/637 594/743/669 593/742/668
f 562/711/637 548/683/623 580/729/655 594/743/669
f 580/744/670 579/745/671 595/746/671 596/747/670
f 579/745/671 581/748/672 597/749/672 595/746/671
f 581/748/672 582/750/673 598/751/673 597/749/672
f 582/750/673 583/752/674 599/753/674 598/751/673
f 583/752/674 584/754/675 600/755/675 599/753/674
f 584/754/675 585/756/676 601/757/676 600/755/675
f 585/756/676 586/758/677 602/759/677 601/757/676
f 586/758/677 587/760/678 603/761/678 602/759/677
f 587/760/678 588/762/679 604/763/679 603/761/678
f 588/762/679 589/764/680 605/765/680 604/763/679
f 589/764/680 590/766/681 606/767/681 605/765/680
f 590/766/681 591/768/682 607/769/682 606/767/681
f 591/768/682 592/770/683 608/771/683 607/769/682
f 592/770/683 593/772/684 609/773/684 608/771/683
f 593/772/684 594/774/685 610/775/685 609/773/684
f 594/774/685 580/744/670 596/747/670 610/775/685
f 564/776/686 563/777/687 611/778/687 612/779/686
f 565/780/688 564/776/686 612/779/686 613/781/688
f 566/782/689 565/780/688 613/781/688 614/783/689
f 567/784/690 566/782/689 614/783/689 615/785/690
f 568/786/691 567/784/690 615/785/690 616/787/691
f 569/788/692 568/786/691 616/787/691 617/789/692
f 570/790/693 569/788/692 617/789/692 618/791/693
f 571/792/694 570/790/693 618/791/693 619/793/694
f 572/794/695 571/792/694 619/793/694 620/795/695
f 573/796/696 572/794/695 620/795/695 621/797/696
f 574/798/697 573/796/696 621/797/696 622/799/697
f 575/800/698 574/798/697 622/799/697 623/801/698
f 576/802/699 575/800/698 623/801/698 624/803/699
f 577/804/700 576/802/699 624/803/699 625/805/700
f 578/806/701 577/804/700 625/805/700 626/807/701
f 563/777/687 578/806/701 626/807/701 611/778/687
f 612/779/702 611/778/703 627/808/703 628/809/702
f 613/781/704 612/779/702 628/809/702 629/810/704
f 614/783/705 613/781/704 629/810/704 630/811/705
f 615/785/706 614/783/705 630/811/705 631/812/706
f 616/787/707 615/785/706 631/812/706 632/813/707
f 617/789/708 616/787/707 632/813/707 633/814/708
f 618/791/709 617/789/708 633/814/708 634/815/709
f 619/793/710 618/791/709 634/815/709 635/816/710
f 620/795/711 619/793/710 635/816/710 636/817/711
f 621/797/712 620/795/711 636/817/711 637/818/712
f 622/799/713 621/797/712 637/818/712 638/819/713
f 623/801/714 622/799/713 638/819/713 639/820/714
f 624/803/715 623/801/714 639/820/714 640/821/715
f 625/805/716 624/803/715 640/821/715 641/822/716
f 626/807/717 625/805/716 641/822/716 642/823/717
f 611/778/703 626/807/717 642/823/717 627/808/703
f 628/809/718 627/808/719 643/824/720 644/825/721
f 629/810/722 628/809/718 644/825/721 645/826/723
f 630/811/724 629/810/722 645/826/723 646/827/725
f 631/812/726 630/811/724 646/827/725 647/828/727
f 632/813/728 631/812/726 647/828/727 648/829/729
f 633/814/730 632/813/728 648/829/729 649/830/731
f 634/815/732 633/814/730 649/830/731 650/831/733
f 635/816/734 634/815/732 650/831/733 651/832/735
f 636/817/736 635/816/734 651/832/735 652/833/737
f 637/818/738 636/817/736 652/833/737 653/834/739
f 638/819/740 637/818/738 653/834/739 654/835/741
f 639/820/742 638/819/740 654/835/741 655/836/743
f 640/821/744 639/820/742 655/836/743 656/837/745
f 641/822/746 640/821/744 656/837/745 657/838/747
f 642/823/748 641/822/746 657/838/747 658/839/749
f 627/808/719 642/823/748 658/839/749 643/824/720
f 644/825/721 643/824/720 659/840/750 660/841/751
f 645/826/723 644/825/721 660/841/751 661/842/752
f 646/827/725 645/826/723 661/842/752 662/843/753
f 647/828/727 646/827/725 662/843/753 663/844/754
f 648/829/729 647/828/727 663/844/754 664/845/755
f 649/830/731 648/829/729 664/845/755 665/846/756
f 650/831/733 649/830/731 665/846/756 666/847/757
f 651/832/735 650/831/733 666/847/757 667/848/758
f 652/833/737 651/832/735 667/848/758 668/849/759
f 653/834/739 652/833/737 668/849/759 669/850/760
f 654/835/741 653/834/739 669/850/760 670/851/761
f 655/836/743 654/835/741 670/851/761 671/852/762
f 656/837/745 655/836/743 671/852/762 672/853/763
f 657/838/747 656/837/745 672/853/763 673/854/764
f 658/839/749 657/838/747 673/854/764 674/855/765
f 643/824/720 658/839/749 674/855/765 659/840/750
f 668/849/759 667/848/758 675/856/766 669/850/760
f 675/856/766 667/848/758 666/847/757 665/846/756
f 669/850/760 675/856/766 676/857/767 670/851/761
f 676/857/767 675/856/766 665/846/756 664/845/755
f 670/851/761 676/857/767 677/858/524 671/852/762
f 677/858/524 676/857/767 664/845/755 663/844/754
f 672/853/763 671/852/762 677/858/524 678/859/768
f 677/858/524 663/844/754 662/843/753 678/859/768
f 673/854/764 672/853/763 678/859/768 679/860/769
f 678/859/768 662/843/753 661/842/752 679/860/769
f 674/855/765 673/854/764 679/860/769 659/840/750
f 679/860/769 661/842/752 660/841/751 659/840/750
f 596/747/539 595/746/539 680/861/539 681/862/539
f 595/746/539 597/749/539 682/863/539 680/861/539
f 597/749/539 598/751/538 683/864/538 682/863/539
f 598/751/538 599/753/538 684/865/538 683/864/538
f 599/753/538 600/755/538 685/866/538 684/865/538
f 600/755/538 601/757/538 686/867/538 685/866/538
f 601/757/538 602/759/538 687/868/538 686/867/538
f 602/759/538 603/761/540 688/869/540 687/868/538
f 603/761/540 604/763/540 689/870/540 688/869/540
f 604/763/540 605/765/540 690/871/540 689/870/540
f 605/765/540 606/767/538 691/872/538 690/871/540
f 606/767/538 607/769/538 692/873/538 691/872/538
f 607/769/538 608/771/538 693/874/538 692/873/538
f 608/771/538 609/773/539 694/875/539 693/874/538
f 609/773/539 610/775/539 695/876/539 694/875/539
f 610/775/539 596/747/539 681/862/539 695/876/539
f 681/862/770 680/861/771 696/877/772 697/878/773
f 680/861/771 682/863/774 698/879/775 696/877/772
f 682/863/774 683/864/776 699/880/777 698/879/775
f 683/864/776 684/865/778 700/881/779 699/880/777
f 684/865/778 685/866/780 701/882/781 700/881/779
f 685/866/780 686/867/782 702/883/783 701/882/781
f 686/867/782 687/868/784 703/884/785 702/883/783
f 687/868/784 688/869/786 704/885/787 703/884/785
f 688/869/786 689/870/788 705/886/789 704/885/787
f 689/870/788 690/871/790 706/887/791 705/886/789
f 690/871/790 691/872/792 707/888/793 706/887/791
f 691/872/792 692/873/794 708/889/795 707/888/793
f 692/873/794 693/874/796 709/890/797 708/889/795
f 693/874/796 694/875/798 710/891/799 709/890/797
f 694/875/798 695/876/800 711/892/801 710/891/799
f 695/876/800 681/862/770 697/878/773 711/892/801
f 711/892/801 697/878/773 712/893/802 710/891/799
f 712/893/802 697/878/773 696/877/772 698/879/775
f 710/891/799 712/893/802 713/894/803 709/890/797
f 713/894/803 712/893/802 698/879/775 699/880/777
f 709/890/797 713/894/803 714/895/538 708/889/795
f 714/895/538 713/894/803 699/880/777 700/881/779
f 707/888/793 708/889/795 714/895/538 715/896/804
f 714/895/538 700/881/779 701/882/781 715/896/804
f 706/887/791 707/888/793 715/896/804 716/897/805
f 715/896/804 701/882/781 702/883/783 716/897/805
f 705/886/789 706/887/791 716/897/805 704/885/787
f 716/897/805 702/883/783 703/884/785 704/885/787
f 717/898/806 718/899/807 719/900/808 720/901/809
f 721/902/810 722/903/811 719/900/808 718/899/807
f 717/898/806 720/901/809 723/904/812 724/905/813
f 719/900/808 722/903/811 725/906/814 726/907/815
f 722/903/811 721/902/810 727/908/816 725/909/814
f 718/899/807 717/898/806 724/910/813 728/911/817
f 720/901/809 719/900/808 726/907/815 723/912/812
f 721/902/810 718/899/807 728/911/817 727/913/816
f 729/914/818 730/915/819 731/916/820 732/917/821
f 730/918/819 733/919/822 734/920/823 731/921/820
f 733/919/822 735/922/824 736/923/825 734/920/823
f 735/922/824 737/924/826 738/925/827 736/923/825
f 737/924/826 739/926/828 740/927/829 738/925/827
f 739/926/828 729/914/818 732/917/821 740/927/829
f 741/928/830 742/929/831 743/930/832 744/931/833
f 742/929/831 745/932/834 746/933/835 743/930/832
f 745/934/834 747/935/836 748/936/837 746/937/835
f 747/935/836 749/938/838 750/939/839 748/936/837
f 749/938/838 751/940/840 752/941/841 750/939/839
f 751/940/840 741/928/830 744/931/833 752/941/841
f 745/942/834 742/943/831 741/944/830 751/945/840 749/946/838 747/947/836
f 744/931/833 743/930/832 753/948/842 754/949/843
f 743/930/832 746/933/835 755/950/844 753/948/842
f 746/937/835 748/936/837 756/951/845 755/952/844
f 748/936/837 750/939/839 757/953/846 756/951/845
f 750/939/839 752/941/841 758/954/847 757/953/846
f 752/941/841 744/931/833 754/949/843 758/954/847
f 754/949/843 753/948/842 759/955/848 760/956/849
f 753/948/842 755/950/844 761/957/850 759/955/848
f 755/952/844 756/951/845 762/958/851 761/959/850
f 756/951/845 757/953/846 763/960/852 762/958/851
f 757/953/846 758/954/847 764/961/853 763/960/852
f 758/954/847 754/949/843 760/956/849 764/961/853
f 765/962/798 766/963/854 767/964/855 768/965/856
f 766/966/854 769/967/857 770/968/858 767/964/855
f 769/967/857 771/969/782 772/970/859 770/968/858
f 771/971/782 773/972/860 774/973/861 772/970/859
f 773/972/860 775/974/862 776/975/863 774/973/861
f 775/976/862 765/962/798 768/965/856 776/975/863
f 772/970/859 774/973/861 776/975/863 768/965/856 767/964/855 770/968/858
f 777/977/774 778/978/864 779/979/865 780/980/866
f 778/981/864 781/982/867 782/983/868 779/979/865
f 781/982/867 783/984/869 784/985/870 782/983/868
f 783/984/869 785/986/871 786/987/872 784/985/870
f 785/988/871 787/989/873 788/990/874 786/987/872
f 787/989/873 777/977/774 780/980/866 788/990/874
f 784/985/870 786/987/872 788/990/874 780/980/866 779/979/865 782/983/868
f 789/991/875 790/992/876 791/993/877 792/994/878
f 790/992/876 793/995/879 794/996/880 791/993/877
f 793/997/879 795/998/881 796/999/882 794/1000/880
f 795/998/881 797/1001/883 798/1002/884 796/999/882
f 797/1001/883 799/1003/885 800/1004/886 798/1002/884
f 799/1003/885 789/991/875 792/994/878 800/1004/886
f 801/1005/887 802/1006/888 803/1007/889 804/1008/887
f 802/1006/888 805/1009/890 806/1010/891 803/1007/889
f 805/1009/890 807/1011/892 808/1012/892 806/1010/891
f 807/1013/892 809/1014/893 810/1015/894 808/1016/892
f 809/1014/893 811/1017/895 812/1018/896 810/1015/894
f 811/1017/895 801/1005/887 804/1008/887 812/1018/896
f 813/1019/897 814/1020/898 815/1021/899 816/1022/900
f 817/1023/901 818/1024/902 814/1020/898 813/1019/897
f 814/1020/898 819/1025/903 820/1026/904 815/1021/899
f 821/1027/905 819/1025/903 814/1020/898 818/1024/902
f 813/1019/897 816/1022/900 822/1028/906 823/1029/907
f 815/1021/899 820/1026/904 824/1030/908 825/1031/909
f 818/1024/902 817/1023/901 826/1032/910 827/1033/911
f 817/1023/901 813/1019/897 823/1029/907 826/1034/910
f 816/1022/900 815/1021/899 825/1031/909 822/1035/906
f 821/1027/905 818/1024/902 827/1033/911 828/1036/912
f 829/1037/913 830/1038/914 831/1039/915 832/1040/916
f 830/1038/914 833/1041/917 834/1042/918 831/1039/915
f 833/1041/917 835/1043/919 836/1044/920 834/1042/918
f 835/1045/919 837/1046/921 838/1047/922 836/1048/920
f 837/1046/921 839/1049/923 840/1050/924 838/1047/922
f 839/1049/923 829/1037/913 832/1040/916 840/1050/924
f 819/1025/903 821/1027/905 841/1051/925 842/1052/926
f 820/1026/904 819/1025/903 842/1052/926 843/1053/927
f 821/1027/905 828/1036/912 844/1054/928 841/1051/925
f 824/1030/908 820/1026/904 843/1053/927 845/1055/929
f 842/1052/926 841/1051/925 846/1056/930 847/1057/931
f 843/1053/927 842/1052/926 847/1057/931 848/1058/932
f 841/1051/925 844/1054/928 849/1059/933 846/1056/930
f 845/1055/929 843/1053/927 848/1058/932 850/1060/934
f 847/1057/931 846/1056/930 851/1061/935 852/1062/936
f 848/1058/932 847/1057/931 852/1062/936 853/1063/937
f 846/1056/930 849/1059/933 854/1064/938 851/1061/935
f 850/1060/934 848/1058/932 853/1063/937 855/1065/939
f 852/1062/936 851/1061/935 856/1066/940 857/1067/941
f 853/1063/937 852/1062/936 857/1067/941 858/1068/942
f 851/1061/935 854/1064/938 859/1069/943 856/1066/940
f 855/1065/939 853/1063/937 858/1068/942 860/1070/944
f 827/1033/911 861/1071/945 862/1072/946 828/1036/912
f 862/1073/946 861/1074/945 825/1031/909 824/1030/908
f 844/1054/928 828/1036/912 862/1072/946 863/1075/947
f 862/1073/946 824/1030/908 845/1055/929 863/1076/947
f 844/1054/928 863/1075/947 864/1077/948 849/1059/933
f 863/1076/947 845/1055/929 850/1060/934 864/1078/948
f 861/1074/945 823/1079/907 822/1035/906 825/1031/909
f 861/1071/945 827/1033/911 826/1032/910 823/1080/907
f 855/1065/939 860/1070/944 865/1081/949 866/1082/950
f 866/1083/950 865/1084/949 859/1069/943 854/1064/938
f 855/1065/939 866/1082/950 864/1078/948 850/1060/934
f 866/1083/950 854/1064/938 849/1059/933 864/1077/948
f 867/1085/951 868/1086/952 869/1087/953 870/1088/954
f 868/1086/952 871/1089/955 872/1090/956 869/1091/953
f 871/1089/955 873/1092/957 874/1093/958 872/1094/956
f 873/1092/957 875/1095/959 876/1096/960 874/1097/958
f 875/1095/959 877/1098/961 878/1099/962 876/1100/960
f 877/1098/961 867/1085/951 870/1101/954 878/1102/962
f 871/1089/955 868/1086/952 867/1085/951 877/1098/961 875/1095/959 873/1092/957
f 879/1103/963 880/1104/964 881/1105/965 882/1106/966
f 880/1104/964 883/1107/967 884/1108/968 881/1105/965
f 881/1105/965 884/1109/968 885/1110/969 882/1106/966
f 882/1106/966 885/1111/969 886/1112/970 879/1103/963
f 887/1113/971 888/1114/972 889/1115/973 890/1116/974
f 888/1114/972 891/1117/975 892/1118/976 889/1115/973
f 891/1117/975 893/1119/977 894/1120/978 892/1118/976
f 893/1119/977 895/1121/979 896/1122/980 894/1120/978
f 895/1121/979 897/1123/981 898/1124/982 896/1122/980
f 897/1123/981 899/1125/983 900/1126/984 898/1124/982
f 899/1125/983 901/1127/985 902/1128/986 900/1126/984
f 901/1127/985 903/1129/987 904/1130/988 902/1128/986
f 903/1129/987 905/1131/989 906/1132/990 904/1130/988
f 905/1131/989 907/1133/991 908/1134/992 906/1132/990
f 907/1133/991 909/1135/993 910/1136/994 908/1134/992
f 909/1135/993 911/1137/995 912/1138/996 910/1136/994
f 911/1139/995 913/1140/997 914/1141/998 912/1142/996
f 913/1140/997 915/1143/999 916/1144/1000 914/1141/998
f 915/1143/999 917/1145/1001 918/1146/1002 916/1144/1000
f 917/1145/1001 887/1113/971 890/1116/974 918/1146/1002
f 890/1116/974 889/1115/973 919/1147/1003 920/1148/1004
f 889/1115/973 892/1118/976 921/1149/1005 919/1147/1003
f 892/1118/976 894/1120/978 922/1150/1006 921/1149/1005
f 894/1120/978 896/1122/980 923/1151/1007 922/1150/1006
f 896/1122/980 898/1124/982 924/1152/1008 923/1151/1007
f 898/1124/982 900/1126/984 925/1153/1009 924/1152/1008
f 900/1126/984 902/1128/986 926/1154/1010 925/1153/1009
f 902/1128/986 904/1130/988 927/1155/1011 926/1154/1010
f 904/1130/988 906/1132/990 928/1156/1012 927/1155/1011
f 906/1132/990 908/1134/992 929/1157/1013 928/1156/1012
f 908/1134/992 910/1136/994 930/1158/1014 929/1157/1013
f 910/1136/994 912/1138/996 931/1159/1015 930/1158/1014
f 912/1142/996 914/1141/998 932/1160/1016 931/1161/1015
f 914/1141/998 916/1144/1000 933/1162/1017 932/1160/1016
f 916/1144/1000 918/1146/1002 934/1163/1018 933/1162/1017
f 918/1146/1002 890/1116/974 920/1148/1004 934/1163/1018
f 920/1148/1004 919/1147/1003 935/1164/1019 936/1165/1020
f 919/1147/1003 921/1149/1005 937/1166/1021 935/1164/1019
f 921/1149/1005 922/1150/1006 938/1167/1022 937/1166/1021
f 922/1150/1006 923/1151/1007 939/1168/1023 938/1167/1022
f 923/1151/1007 924/1152/1008 940/1169/1024 939/1168/1023
f 924/1152/1008 925/1153/1009 941/1170/1025 940/1169/1024
f 925/1153/1009 926/1154/1010 942/1171/1026 941/1170/1025
f 926/1154/1010 927/1155/1011 943/1172/1027 942/1171/1026
f 927/1155/1011 928/1156/1012 944/1173/1028 943/1172/1027
f 928/1156/1012 929/1157/1013 945/1174/1029 944/1173/1028
f 929/1157/1013 930/1158/1014 946/1175/1030 945/1174/1029
f 930/1158/1014 931/1159/1015 947/1176/1031 946/1175/1030
f 931/1161/1015 932/1160/1016 948/1177/1032 947/1178/1031
f 932/1160/1016 933/1162/1017 949/1179/1033 948/1177/1032
f 933/1162/1017 934/1163/1018 950/1180/1034 949/1179/1033
f 934/1163/1018 920/1148/1004 936/1165/1020 950/1180/1034
f 888/1181/972 887/1182/971 951/1183/1035 952/1184/1036
f 891/1185/975 888/1181/972 952/1184/1036 953/1186/1037
f 893/1187/977 891/1185/975 953/1186/1037 954/1188/1038
f 895/1189/979 893/1187/977 954/1188/1038 955/1190/1039
f 897/1191/981 895/1189/979 955/1190/1039 956/1192/1040
f 899/1193/983 897/1191/981 956/1192/1040 957/1194/1041
f 901/1195/985 899/1193/983 957/1194/1041 958/1196/1042
f 903/1197/987 901/1195/985 958/1196/1042 959/1198/1043
f 905/1199/989 903/1197/987 959/1198/1043 960/1200/1044
f 907/1201/991 905/1199/989 960/1200/1044 961/1202/1045
f 909/1203/993 907/1201/991 961/1202/1045 962/1204/1046
f 911/1205/995 909/1203/993 962/1204/1046 963/1206/1047
f 913/1207/997 911/1205/995 963/1206/1047 964/1208/1048
f 915/1209/999 913/1207/997 964/1208/1048 965/1210/1049
f 917/1211/1001 915/1209/999 965/1210/1049 966/1212/1050
f 887/1182/971 917/1211/1001 966/1212/1050 951/1183/1035
f 936/1213/1020 935/1214/1019 967/1215/1051 968/1216/1052
f 935/1214/1019 937/1217/1021 969/1218/1053 967/1215/1051
f 937/1217/1021 938/1219/1022 970/1220/1054 969/1218/1053
f 938/1219/1022 939/1221/1023 971/1222/1055 970/1220/1054
f 939/1221/1023 940/1223/1024 972/1224/1056 971/1222/1055
f 940/1223/1024 941/1225/1025 973/1226/1057 972/1224/1056
f 941/1225/1025 942/1227/1026 974/1228/1058 973/1226/1057
f 942/1227/1026 943/1229/1027 975/1230/1059 974/1228/1058
f 943/1229/1027 944/1231/1028 976/1232/1060 975/1230/1059
f 944/1231/1028 945/1233/1029 977/1234/1061 976/1232/1060
f 945/1233/1029 946/1235/1030 978/1236/1062 977/1234/1061
f 946/1235/1030 947/1237/1031 979/1238/1063 978/1236/1062
f 947/1237/1031 948/1239/1032 980/1240/1064 979/1238/1063
f 948/1239/1032 949/1241/1033 981/1242/1065 980/1240/1064
f 949/1241/1033 950/1243/1034 982/1244/1066 981/1242/1065
f 950/1243/1034 936/1213/1020 968/1216/1052 982/1244/1066
f 952/1184/1036 951/1183/1035 983/1245/1067 984/1246/1068
f 953/1186/1037 952/1184/1036 984/1246/1068 985/1247/1069
f 954/1188/1038 953/1186/1037 985/1247/1069 986/1248/1070
f 955/1190/1039 954/1188/1038 986/1248/1070 987/1249/1071
f 956/1192/1040 955/1190/1039 987/1249/1071 988/1250/1072
f 957/1194/1041 956/1192/1040 988/1250/1072 989/1251/1073
f 958/1196/1042 957/1194/1041 989/1251/1073 990/1252/1074
f 959/1198/1043 958/1196/1042 990/1252/1074 991/1253/1075
f 960/1200/1044 959/1198/1043 991/1253/1075 992/1254/1076
f 961/1202/1045 960/1200/1044 992/1254/1076 993/1255/1077
f 962/1204/1046 961/1202/1045 993/1255/1077 994/1256/1078
f 963/1206/1047 962/1204/1046 994/1256/1078 995/1257/1079
f 964/1208/1048 963/1206/1047 995/1257/1079 996/1258/1080
f 965/1210/1049 964/1208/1048 996/1258/1080 997/1259/1081
f 966/1212/1050 965/1210/1049 997/1259/1081 998/1260/1082
f 951/1183/1035 966/1212/1050 998/1260/1082 983/1245/1067
f 968/1216/1052 967/1215/1051 999/1261/1083 1000/1262/1084
f 967/1215/1051 969/1218/1053 1001/1263/1085 999/1261/1083
f 969/1218/1053 970/1220/1054 1002/1264/1086 1001/1263/1085
f 970/1220/1054 971/1222/1055 1003/1265/1087 1002/1264/1086
f 971/1222/1055 972/1224/1056 1004/1266/1088 1003/1265/1087
f 972/1224/1056 973/1226/1057 1005/1267/1089 1004/1266/1088
f 973/1226/1057 974/1228/1058 1006/1268/1090 1005/1267/1089
f 974/1228/1058 975/1230/1059 1007/1269/1091 1006/1268/1090
f 975/1230/1059 976/1232/1060 1008/1270/1092 1007/1269/1091
f 976/1232/1060 977/1234/1061 1009/1271/1093 1008/1270/1092
f 977/1234/1061 978/1236/1062 1010/1272/1094 1009/1271/1093
f 978/1236/1062 979/1238/1063 1011/1273/1095 1010/1272/1094
f 979/1238/1063 980/1240/1064 1012/1274/1096 1011/1273/1095
f 980/1240/1064 981/1242/1065 1013/1275/1097 1012/1274/1096
f 981/1242/1065 982/1244/1066 1014/1276/1098 1013/1275/1097
f 982/1244/1066 968/1216/1052 1000/1262/1084 1014/1276/1098
f 1000/1277/1099 999/1278/1100 1015/1279/1100 1016/1280/1099
f 999/1278/1100 1001/1281/1101 1017/1282/1101 1015/1279/1100
f 1001/1281/1101 1002/1283/1102 1018/1284/1102 1017/1282/1101
f 1002/1283/1102 1003/1285/1103 1019/1286/1103 1018/1284/1102
f 1003/1285/1103 1004/1287/1104 1020/1288/1104 1019/1286/1103
f 1004/1287/1104 1005/1289/1105 1021/1290/1105 1020/1288/1104
f 1005/1289/1105 1006/1291/1106 1022/1292/1106 1021/1290/1105
f 1006/1291/1106 1007/1293/1107 1023/1294/1107 1022/1292/1106
f 1007/1293/1107 1008/1295/1108 1024/1296/1108 1023/1294/1107
f 1008/1295/1108 1009/1297/1109 1025/1298/1109 1024/1296/1108
f 1009/1297/1109 1010/1299/1110 1026/1300/1110 1025/1298/1109
f 1010/1299/1110 1011/1301/1111 1027/1302/1111 1026/1300/1110
f 1011/1301/1111 1012/1303/1112 1028/1304/1112 1027/1302/1111
f 1012/1303/1112 1013/1305/1113 1029/1306/1113 1028/1304/1112
f 1013/1305/1113 1014/1307/1114 1030/1308/1114 1029/1306/1113
f 1014/1307/1114 1000/1277/1099 1016/1280/1099 1030/1308/1114
f 984/1309/1115 983/1310/1116 1031/1311/1116 1032/1312/1117
f 985/1313/1118 984/1309/1115 1032/1312/1117 1033/1314/1118
f 986/1315/1119 985/1313/1118 1033/1314/1118 1034/1316/1119
f 987/1317/1120 986/1315/1119 1034/1316/1119 1035/1318/1120
f 988/1319/1121 987/1317/1120 1035/1318/1120 1036/1320/1121
f 989/1321/1122 988/1319/1121 1036/1320/1121 1037/1322/1122
f 990/1323/1123 989/1321/1122 1037/1322/1122 1038/1324/1123
f 991/1325/1124 990/1323/1123 1038/1324/1123 1039/1326/1124
f 992/1327/1125 991/1325/1124 1039/1326/1124 1040/1328/1125
f 993/1329/1126 992/1327/1125 1040/1328/1125 1041/1330/1126
f 994/1331/1127 993/1329/1126 1041/1330/1126 1042/1332/1127
f 995/1333/1128 994/1331/1127 1042/1332/1127 1043/1334/1128
f 996/1335/1129 995/1333/1128 1043/1334/1128 1044/1336/1129
f 997/1337/1130 996/1335/1129 1044/1336/1129 1045/1338/1130
f 998/1339/1131 997/1337/1130 1045/1338/1130 1046/1340/1131
f 983/1310/1116 998/1339/1131 1046/1340/1131 1031/1311/1116
f 1032/1312/1132 1031/1311/1133 1047/1341/1133 1048/1342/1132
f 1033/1314/1134 1032/1312/1132 1048/1342/1132 1049/1343/1134
f 1034/1316/1135 1033/1314/1134 1049/1343/1134 1050/1344/1135
f 1035/1318/1136 1034/1316/1135 1050/1344/1135 1051/1345/1136
f 1036/1320/1137 1035/1318/1136 1051/1345/1136 1052/1346/1137
f 1037/1322/1138 1036/1320/1137 1052/1346/1137 1053/1347/1138
f 1038/1324/1139 1037/1322/1138 1053/1347/1138 1054/1348/1139
f 1039/1326/1140 1038/1324/1139 1054/1348/1139 1055/1349/1140
f 1040/1328/1141 1039/1326/1140 1055/1349/1140 1056/1350/1141
f 1041/1330/1142 1040/1328/1141 1056/1350/1141 1057/1351/1142
f 1042/1332/1143 1041/1330/1142 1057/1351/1142 1058/1352/1143
f 1043/1334/1144 1042/1332/1143 1058/1352/1143 1059/1353/1144
f 1044/1336/1145 1043/1334/1144 1059/1353/1144 1060/1354/1145
f 1045/1338/1146 1044/1336/1145 1060/1354/1145 1061/1355/1146
f 1046/1340/1147 1045/1338/1146 1061/1355/1146 1062/1356/1147
f 1031/1311/1133 1046/1340/1147 1062/1356/1147 1047/1341/1133
f 1048/1342/1148 1047/1341/1149 1063/1357/1150 1064/1358/1151
f 1049/1343/1152 1048/1342/1148 1064/1358/1151 1065/1359/1153
f 1050/1344/1154 1049/1343/1152 1065/1359/1153 1066/1360/1155
f 1051/1345/1156 1050/1344/1154 1066/1360/1155 1067/1361/1157
f 1052/1346/1158 1051/1345/1156 1067/1361/1157 1068/1362/1159
f 1053/1347/1160 1052/1346/1158 1068/1362/1159 1069/1363/1161
f 1054/1348/1162 1053/1347/1160 1069/1363/1161 1070/1364/1163
f 1055/1349/1164 1054/1348/1162 1070/1364/1163 1071/1365/1165
f 1056/1350/1166 1055/1349/1164 1071/1365/1165 1072/1366/1167
f 1057/1351/1168 1056/1350/1166 1072/1366/1167 1073/1367/1169
f 1058/1352/1170 1057/1351/1168 1073/1367/1169 1074/1368/1171
f 1059/1353/1172 1058/1352/1170 1074/1368/1171 1075/1369/1173
f 1060/1354/1174 1059/1353/1172 1075/1369/1173 1076/1370/1175
f 1061/1355/1176 1060/1354/1174 1076/1370/1175 1077/1371/1177
f 1062/1356/1178 1061/1355/1176 1077/1371/1177 1078/1372/1179
f 1047/1341/1149 1062/1356/1178 1078/1372/1179 1063/1357/1150
f 1064/1358/1151 1063/1357/1150 1079/1373/1180 1080/1374/1181
f 1065/1359/1153 1064/1358/1151 1080/1374/1181 1081/1375/1182
f 1066/1360/1155 1065/1359/1153 1081/1375/1182 1082/1376/1183
f 1067/1361/1157 1066/1360/1155 1082/1376/1183 1083/1377/1184
f 1068/1362/1159 1067/1361/1157 1083/1377/1184 1084/1378/1185
f 1069/1363/1161 1068/1362/1159 1084/1378/1185 1085/1379/1186
f 1070/1364/1163 1069/1363/1161 1085/1379/1186 1086/1380/1187
f 1071/1365/1165 1070/1364/1163 1086/1380/1187 1087/1381/1188
f 1072/1366/1167 1071/1365/1165 1087/1381/1188 1088/1382/1189
f 1073/1367/1169 1072/1366/1167 1088/1382/1189 1089/1383/1190
f 1074/1368/1171 1073/1367/1169 1089/1383/1190 1090/1384/1191
f 1075/1369/1173 1074/1368/1171 1090/1384/1191 1091/1385/1192
f 1076/1370/1175 1075/1369/1173 1091/1385/1192 1092/1386/1193
f 1077/1371/1177 1076/1370/1175 1092/1386/1193 1093/1387/1194
f 1078/1372/1179 1077/1371/1177 1093/1387/1194 1094/1388/1195
f 1063/1357/1150 1078/1372/1179 1094/1388/1195 1079/1373/1180
f 1088/1382/1189 1087/1381/1188 1095/1389/1196 1089/1383/1190
f 1095/1389/1196 1087/1381/1188 1086/1380/1187 1085/1379/1186
f 1089/1383/1190 1095/1389/1196 1096/1390/1197 1090/1384/1191
f 1096/1390/1197 1095/1389/1196 1085/1379/1186 1084/1378/1185
f 1090/1384/1191 1096/1390/1197 1097/1391/1198 1091/1385/1192
f 1097/1391/1198 1096/1390/1197 1084/1378/1185 1083/1377/1184
f 1092/1386/1193 1091/1385/1192 1097/1391/1198 1098/1392/1199
f 1097/1391/1198 1083/1377/1184 1082/1376/1183 1098/1392/1199
f 1093/1387/1194 1092/1386/1193 1098/1392/1199 1099/1393/1200
f 1098/1392/1199 1082/1376/1183 1081/1375/1182 1099/1393/1200
f 1094/1388/1195 1093/1387/1194 1099/1393/1200 1079/1373/1180
f 1099/1393/1200 1081/1375/1182 1080/1374/1181 1079/1373/1180
f 1016/1280/1201 1015/1279/1201 1100/1394/1201 1101/1395/1201
f 1015/1279/1201 1017/1282/1201 1102/1396/1201 1100/1394/1201
f 1017/1282/1201 1018/1284/1201 1103/1397/1201 1102/1396/1201
f 1018/1284/1201 1019/1286/1201 1104/1398/1201 1103/1397/1201
f 1019/1286/1201 1020/1288/1201 1105/1399/1201 1104/1398/1201
f 1020/1288/1201 1021/1290/1201 1106/1400/1201 1105/1399/1201
f 1021/1290/1201 1022/1292/1201 1107/1401/1201 1106/1400/1201
f 1022/1292/1201 1023/1294/1201 1108/1402/1201 1107/1401/1201
f 1023/1294/1201 1024/1296/1201 1109/1403/1201 1108/1402/1201
f 1024/1296/1201 1025/1298/1201 1110/1404/1201 1109/1403/1201
f 1025/1298/1201 1026/1300/1201 1111/1405/1201 1110/1404/1201
f 1026/1300/1201 1027/1302/1201 1112/1406/1201 1111/1405/1201
f 1027/1302/1201 1028/1304/1201 1113/1407/1201 1112/1406/1201
f 1028/1304/1201 1029/1306/1201 1114/1408/1201 1113/1407/1201
f 1029/1306/1201 1030/1308/1201 1115/1409/1201 1114/1408/1201
f 1030/1308/1201 1016/1280/1201 1101/1395/1201 1115/1409/1201
f 1101/1395/954 1100/1394/1202 1116/1410/1203 1117/1411/1204
f 1100/1394/1202 1102/1396/1205 1118/1412/1206 1116/1410/1203
f 1102/1396/1205 1103/1397/1207 1119/1413/1208 1118/1412/1206
f 1103/1397/1207 1104/1398/778 1120/1414/1209 1119/1413/1208
f 1104/1398/778 1105/1399/1210 1121/1415/1211 1120/1414/1209
f 1105/1399/1210 1106/1400/1212 1122/1416/1213 1121/1415/1211
f 1106/1400/1212 1107/1401/1214 1123/1417/1215 1122/1416/1213
f 1107/1401/1214 1108/1402/958 1124/1418/1216 1123/1417/1215
f 1108/1402/958 1109/1403/1217 1125/1419/1218 1124/1418/1216
f 1109/1403/1217 1110/1404/1219 1126/1420/1220 1125/1419/1218
f 1110/1404/1219 1111/1405/1221 1127/1421/1222 1126/1420/1220
f 1111/1405/1221 1112/1406/794 1128/1422/1223 1127/1421/1222
f 1112/1406/794 1113/1407/1224 1129/1423/1225 1128/1422/1223
f 1113/1407/1224 1114/1408/1226 1130/1424/1227 1129/1423/1225
f 1114/1408/1226 1115/1409/1228 1131/1425/1229 1130/1424/1227
f 1115/1409/1228 1101/1395/954 1117/1411/1204 1131/1425/1229
f 1131/1425/1229 1117/1411/1204 1132/1426/1230 1130/1424/1227
f 1132/1426/1230 1117/1411/1204 1116/1410/1203 1118/1412/1206
f 1130/1424/1227 1132/1426/1230 1133/1427/1231 1129/1423/1225
f 1133/1427/1231 1132/1426/1230 1118/1412/1206 1119/1413/1208
f 1129/1423/1225 1133/1427/1231 1134/1428/1201 1128/1422/1223
f 1134/1428/1201 1133/1427/1231 1119/1413/1208 1120/1414/1209
f 1127/1421/1222 1128/1422/1223 1134/1428/1201 1135/1429/1232
f 1134/1428/1201 1120/1414/1209 1121/1415/1211 1135/1429/1232
f 1126/1420/1220 1127/1421/1222 1135/1429/1232 1136/1430/1233
f 1135/1429/1232 1121/1415/1211 1122/1416/1213 1136/1430/1233
f 1125/1419/1218 1126/1420/1220 1136/1430/1233 1124/1418/1216
f 1136/1430/1233 1122/1416/1213 1123/1417/1215 1124/1418/1216
f 1137/1431/1234 1138/1432/1235 1139/1433/1236 1140/1434/1237
f 1141/1435/1238 1142/1436/1239 1143/1437/1240 1144/1438/1241
f 1145/1439/1242 1137/1431/1242 1140/1434/1242 1146/1440/1242
f 1147/1441/1243 1148/1442/1244 1149/1443/1245 1150/1444/1246
f 1151/1445/1247 1152/1446/1248 1139/1433/1249 1138/1432/1250
f 1147/1441/1251 1150/1444/1252 1138/1432/1235 1137/1431/1234
f 1141/1435/1253 1144/1438/1254 1140/1434/1237 1139/1433/1236
f 1148/1447/1244 1147/1441/1243 1137/1431/1242 1145/1439/1242
f 1144/1438/1241 1143/1448/1240 1146/1440/1242 1140/1434/1242
f 1152/1446/1248 1142/1449/1239 1141/1435/1238 1139/1433/1249
f 1138/1432/1250 1150/1444/1246 1149/1450/1245 1151/1445/1247
f 1153/1451/1255 1154/1452/1256 1155/1453/1257 1156/1454/1258
f 1157/1455/1259 1158/1456/431 1154/1452/1256 1153/1451/1255
f 1159/1457/1260 1160/1458/1261 1161/1459/1262 1162/1460/1263
f 1163/1461/1264 1164/1462/1265 1160/1458/1261 1159/1457/1260
f 1165/1463/794 1166/1464/794 1167/1465/794 1168/1466/794
f 1169/1467/1266 1170/1468/1267 1171/1469/1268 1172/1470/1269
f 1173/1471/1270 1165/1472/1271 1168/1473/1272 1174/1474/1273
f 1175/1475/1274 1176/1476/1275 1177/1477/1276 1178/1478/1277
f 1179/1479/954 1167/1480/954 1166/1481/954 1180/1482/954
f 1170/1468/1267 1181/1483/778 1182/1484/778 1171/1469/1268
f 1183/1485/778 1173/1471/1270 1174/1474/1273 1184/1486/778
f 1176/1476/1275 1185/1487/778 1186/1488/778 1177/1477/1276
f 1175/1489/794 1178/1490/794 1166/1464/794 1165/1463/794
f 1169/1491/794 1172/1492/794 1168/1466/794 1167/1465/794
f 1176/1476/1275 1175/1475/1274 1165/1472/1271 1173/1471/1270
f 1172/1470/1269 1171/1469/1268 1174/1474/1273 1168/1473/1272
f 1170/1493/1267 1169/1494/1266 1167/1480/954 1179/1479/954
f 1178/1495/1277 1177/1496/1276 1180/1482/954 1166/1481/954
f 1185/1487/778 1176/1476/1275 1173/1471/1270 1183/1485/778
f 1174/1474/1273 1171/1469/1268 1182/1484/778 1184/1486/778
f 1187/1497/1278 1188/1498/1279 1189/1499/1280 1190/1500/1281
f 1188/1498/1279 1191/1501/1282 1192/1502/1283 1189/1499/1280
f 1191/1503/1282 1193/1504/1284 1194/1505/1285 1192/1506/1283
f 1193/1504/1284 1195/1507/1286 1196/1508/1287 1194/1505/1285
f 1195/1507/1286 1197/1509/1288 1198/1510/1289 1196/1508/1287
f 1197/1509/1288 1187/1497/1278 1190/1500/1281 1198/1510/1289
f 1195/1511/1286 1193/1512/1284 1187/1513/1278 1197/1514/1288
f 1189/1515/1280 1192/1516/1283 1194/1513/1285 1190/1517/1281
f 1194/1513/1285 1196/1518/1287 1198/1519/1289 1190/1517/1281
f 1191/1515/1282 1188/1516/1279 1187/1513/1278 1193/1512/1284
f 1199/1520/1290 1200/1521/1291 1201/1522/1292 1202/1523/1293
f 1200/1524/1291 1203/1525/1294 1204/1526/1295 1201/1527/1292
f 1203/1525/1294 1205/1528/1296 1206/1529/1297 1204/1526/1295
f 1205/1528/1296 1207/1530/1298 1208/1531/1299 1206/1529/1297
f 1207/1530/1298 1209/1532/1300 1210/1533/1301 1208/1531/1299
f 1209/1532/1300 1199/1520/1290 1202/1523/1293 1210/1533/1301
f 1206/1534/1297 1208/1535/1299 1210/1536/1301 1202/1537/1293 1201/1538/1292 1204/1539/1295
f 1211/1540/1302 1212/1541/1303 1213/1531/1304 1214/1542/1305
f 1212/1541/1303 1215/1543/1306 1216/1533/1307 1213/1531/1304
f 1215/1543/1306 1217/1544/1308 1218/1545/1309 1216/1533/1307
f 1217/1544/1308 1219/1546/1310 1220/1547/1311 1218/1545/1309
f 1219/1548/1310 1221/1549/1312 1222/1550/1313 1220/1527/1311
f 1221/1549/1312 1211/1540/1302 1214/1542/1305 1222/1550/1313
f 1218/1551/1309 1220/1552/1311 1222/1539/1313 1214/1553/1305 1213/1554/1304 1216/1536/1307
f 1223/1555/1314 1224/1556/1315 1225/1557/1316 1226/1558/1317
f 1227/1559/1318 1228/1560/1319 1224/1556/1315 1223/1555/1314
f 1229/1561/1320 1223/1562/1314 1226/1563/1317 1230/1564/1321
f 1231/1565/1322 1227/1566/1318 1223/1562/1314 1229/1561/1320
f 1232/1567/1323 1233/1568/1324 1234/1569/1325 1235/1570/1326
f 1236/1571/1327 1232/1567/1323 1235/1570/1326 1237/1572/1328
f 1238/1573/1329 1239/1574/1330 1233/1575/1324 1232/1576/1323
f 1240/1577/1331 1238/1573/1329 1232/1576/1323 1236/1578/1327
f 1241/1579/1332 1242/1580/1333 1225/1557/1316 1224/1556/1315
f 1243/1581/1334 1241/1579/1332 1224/1556/1315 1228/1560/1319
f 1235/1570/1326 1234/1569/1325 1242/1580/1333 1241/1579/1332
f 1237/1572/1328 1235/1570/1326 1241/1579/1332 1243/1581/1334
f 1244/1582/1335 1243/1581/1334 1228/1560/1319 1227/1559/1318
f 1245/1583/1336 1244/1584/1335 1227/1566/1318 1231/1565/1322
f 1236/1585/1327 1237/1572/1328 1243/1581/1334 1244/1582/1335
f 1240/1577/1331 1236/1586/1327 1244/1584/1335 1245/1583/1336
f 1246/1587/1337 1245/1583/1336 1231/1565/1322 1229/1561/1320
f 1247/1588/1338 1246/1587/1337 1229/1561/1320 1230/1564/1321
f 1238/1573/1329 1240/1577/1331 1245/1583/1336 1246/1587/1337
f 1239/1574/1330 1238/1573/1329 1246/1587/1337 1247/1588/1338
f 1248/1589/1339 1247/1588/1338 1230/1564/1321 1226/1563/1317
f 1242/1580/1333 1248/1589/1339 1226/1558/1317 1225/1557/1316
f 1233/1590/1324 1239/1574/1330 1247/1588/1338 1248/1589/1339
f 1234/1569/1325 1233/1590/1324 1248/1589/1339 1242/1580/1333
f 1249/1591/1340 1250/1592/1341 1251/1593/1342 1252/1594/1340
f 1250/1592/1341 1253/1595/1343 1254/1596/1343 1251/1593/1342
f 1255/1597/1344 1256/1598/1345 1257/1599/1346 1258/1600/1344
f 1256/1598/1345 1259/1601/1347 1260/1602/1347 1257/1599/1346
f 1261/1603/1348 1262/1604/1349 1263/1605/1350 1264/1606/1348
f 1262/1604/1349 1265/1607/1351 1266/1608/1351 1263/1605/1350
f 1267/1609/794 1268/1610/1352 1269/1611/1353 1270/1612/1354
f 1271/1613/1355 1272/1614/1356 1268/1610/1352 1267/1609/794
f 1273/1615/1357 1267/1616/794 1270/1617/1354 1274/1618/1358
f 1275/1619/1359 1271/1620/1355 1267/1616/794 1273/1615/1357
f 1276/1621/778 1277/1622/1360 1278/1623/1361 1279/1624/1362
f 1280/1625/1363 1276/1621/778 1279/1624/1362 1281/1626/1364
f 1282/1627/1365 1283/1628/1366 1277/1629/1360 1276/1630/778
f 1284/1631/1367 1282/1627/1365 1276/1630/778 1280/1632/1363
f 1285/1633/954 1286/1634/1266 1269/1611/1353 1268/1610/1352
f 1287/1635/1277 1285/1633/954 1268/1610/1352 1272/1614/1356
f 1279/1624/1362 1278/1623/1361 1286/1634/1266 1285/1633/954
f 1281/1626/1364 1279/1624/1362 1285/1633/954 1287/1635/1277
f 1288/1636/1198 1287/1635/1277 1272/1614/1356 1271/1637/1355
f 1289/1638/1368 1288/1639/1198 1271/1640/1355 1275/1619/1359
f 1280/1625/1363 1281/1626/1364 1287/1635/1277 1288/1636/1198
f 1284/1631/1367 1280/1632/1363 1288/1639/1198 1289/1638/1368
f 1290/1641/958 1289/1638/1368 1275/1619/1359 1273/1615/1357
f 1291/1642/1369 1290/1641/958 1273/1615/1357 1274/1618/1358
f 1282/1627/1365 1284/1631/1367 1289/1638/1368 1290/1641/958
f 1283/1628/1366 1282/1627/1365 1290/1641/958 1291/1642/1369
f 1292/1643/1201 1291/1642/1369 1274/1618/1358 1270/1644/1354
f 1286/1634/1266 1292/1645/1201 1270/1646/1354 1269/1611/1353
f 1277/1629/1360 1283/1628/1366 1291/1642/1369 1292/1643/1201
f 1278/1623/1361 1277/1622/1360 1292/1645/1201 1286/1634/1266
f 1293/1647/1370 1294/1648/1371 1295/1649/1372 1296/1650/1370
f 1294/1648/1371 1297/1651/1373 1298/1652/1373 1295/1649/1372
f 1299/1653/1374 1300/1654/1375 1301/1655/1376 1302/1656/1374
f 1300/1654/1375 1303/1657/1377 1304/1658/1377 1301/1655/1376
f 1305/1659/1378 1306/1660/1379 1307/1661/1380 1308/1662/1378
f 1306/1660/1379 1309/1663/1381 1310/1664/1381 1307/1661/1380
f 1311/1665/1382 1312/1666/1383 1313/1667/1384 1314/1668/1385
f 1315/1669/1386 1316/1670/1387 1312/1671/1383 1311/1672/1382
f 1317/1673/1388 1311/1665/1382 1314/1668/1385 1318/1674/1389
f 1319/1675/1390 1315/1669/1386 1311/1672/1382 1317/1676/1388
f 1320/1677/1391 1321/1678/1392 1322/1679/1393 1323/1680/1394
f 1324/1681/1395 1320/1682/1391 1323/1683/1394 1325/1684/1396
f 1326/1685/1397 1327/1686/1398 1321/1678/1392 1320/1677/1391
f 1328/1687/1399 1326/1688/1397 1320/1682/1391 1324/1681/1395
f 1329/1689/954 1330/1690/1400 1313/1667/1384 1312/1691/1383
f 1331/1692/1401 1329/1689/954 1312/1691/1383 1316/1670/1387
f 1323/1680/1394 1322/1679/1393 1330/1690/1400 1329/1689/954
f 1325/1684/1396 1323/1683/1394 1329/1689/954 1331/1692/1401
f 1332/1693/1402 1331/1692/1401 1316/1670/1387 1315/1669/1386
f 1333/1694/1403 1332/1693/1402 1315/1669/1386 1319/1675/1390
f 1324/1681/1395 1325/1684/1396 1331/1692/1401 1332/1693/1402
f 1328/1687/1399 1324/1681/1395 1332/1693/1402 1333/1694/1403
f 1334/1695/958 1333/1694/1403 1319/1675/1390 1317/1696/1388
f 1335/1697/1404 1334/1698/958 1317/1699/1388 1318/1674/1389
f 1326/1688/1397 1328/1687/1399 1333/1694/1403 1334/1695/958
f 1327/1686/1398 1326/1685/1397 1334/1698/958 1335/1697/1404
f 1336/1700/1405 1335/1697/1404 1318/1674/1389 1314/1668/1385
f 1330/1690/1400 1336/1700/1405 1314/1668/1385 1313/1667/1384
f 1321/1678/1392 1327/1686/1398 1335/1697/1404 1336/1700/1405
f 1322/1679/1393 1321/1678/1392 1336/1700/1405 1330/1690/1400
f 1337/1701/1406 1338/1702/1407 1339/1703/1408 1340/1704/1406
f 1338/1702/1407 1341/1705/1409 1342/1706/1409 1339/1703/1408
f 1343/1707/1410 1344/1708/1411 1345/1709/1412 1346/1710/1410
f 1344/1708/1411 1347/1711/1413 1348/1712/1413 1345/1709/1412
f 1349/1713/1414 1350/1714/1415 1351/1715/1416 1352/1716/1414
f 1350/1714/1415 1353/1717/1417 1354/1718/1417 1351/1715/1416
f 1355/1719/1418 1356/1720/1419 1357/1721/1420 1358/1722/1421
f 1359/1723/1422 1360/1724/1423 1356/1725/1419 1355/1726/1418
f 1361/1727/1424 1355/1719/1418 1358/1722/1421 1362/1728/1425
f 1363/1729/1426 1359/1723/1422 1355/1726/1418 1361/1730/1424
f 1364/1731/1427 1365/1732/1428 1366/1733/1429 1367/1734/1430
f 1368/1735/1431 1364/1736/1427 1367/1737/1430 1369/1738/1432
f 1370/1739/1433 1371/1740/1434 1365/1732/1428 1364/1731/1427
f 1372/1741/1435 1370/1742/1433 1364/1736/1427 1368/1735/1431
f 1373/1743/1436 1374/1744/1437 1357/1721/1420 1356/1720/1419
f 1375/1745/1438 1373/1743/1436 1356/1725/1419 1360/1724/1423
f 1367/1746/1430 1366/1733/1429 1374/1744/1437 1373/1743/1436
f 1369/1738/1432 1367/1746/1430 1373/1743/1436 1375/1745/1438
f 1376/1747/1439 1375/1745/1438 1360/1724/1423 1359/1723/1422
f 1377/1748/1440 1376/1747/1439 1359/1723/1422 1363/1729/1426
f 1368/1735/1431 1369/1738/1432 1375/1745/1438 1376/1747/1439
f 1372/1741/1435 1368/1735/1431 1376/1747/1439 1377/1748/1440
f 1378/1749/1441 1377/1748/1440 1363/1729/1426 1361/1730/1424
f 1379/1750/1442 1378/1751/1441 1361/1727/1424 1362/1728/1425
f 1370/1752/1433 1372/1741/1435 1377/1748/1440 1378/1749/1441
f 1371/1740/1434 1370/1753/1433 1378/1751/1441 1379/1750/1442
f 1380/1754/1443 1379/1750/1442 1362/1728/1425 1358/1722/1421
f 1374/1744/1437 1380/1754/1443 1358/1722/1421 1357/1721/1420
f 1365/1732/1428 1371/1740/1434 1379/1750/1442 1380/1754/1443
f 1366/1733/1429 1365/1732/1428 1380/1754/1443 1374/1744/1437
f 1381/1755/1444 1382/1756/1445 1383/1757/1446 1384/1758/1444
f 1382/1756/1445 1385/1759/1447 1386/1760/1447 1383/1757/1446
f 1387/1761/1448 1388/1762/1449 1389/1763/1450 1390/1764/1448
f 1388/1762/1449 1391/1765/1451 1392/1766/1451 1389/1763/1450
f 1393/1767/1452 1394/1768/1453 1395/1769/1454 1396/1770/1452
f 1394/1768/1453 1397/1771/1455 1398/1772/1455 1395/1769/1454
f 1399/1773/1456 1400/1774/1456 1401/1775/1456 1402/1776/1456
f 1403/1777/1457 1404/1778/1457 1405/1779/1457 1406/1780/1457
f 1399/1773/954 1402/1776/954 1404/1778/954 1403/1777/954
f 1401/1781/958 1400/1782/958 1406/1780/958 1405/1779/958
f 1400/1783/1458 1399/1784/1458 1403/1785/1458 1406/1786/1458
f 1407/1787/1459 1408/1788/1459 1409/1789/1459 1410/1790/1459
f 1411/1791/1460 1412/1792/1460 1413/1793/1460 1414/1794/1460
f 1407/1787/954 1410/1790/954 1412/1792/954 1411/1791/954
f 1410/1795/1461 1409/1796/1461 1413/1797/1461 1412/1798/1461
f 1409/1799/958 1408/1800/958 1414/1794/958 1413/1793/958
f 1408/1801/1462 1407/1802/1462 1411/1803/1462 1414/1804/1462
f 1415/1805/1463 1416/1806/1464 1417/1807/1464 1418/1808/1463
f 1419/1809/1465 1420/1810/1465 1417/1807/1464 1416/1806/1464
f 1421/1811/1466 1422/1812/1466 1420/1810/1465 1419/1809/1465
f 1423/1813/1467 1424/1814/1464 1425/1815/1464 1426/1816/1467
f 1427/1817/1465 1428/1818/1465 1425/1815/1464 1424/1814/1464
f 1429/1819/1466 1430/1820/1466 1428/1818/1465 1427/1817/1465
f 1431/1821/1468 1432/1822/1469 1433/1823/1470 1434/1824/1471
f 1435/1825/1472 1436/1826/1473 1432/1827/1469 1431/1828/1468
f 1437/1829/1474 1438/1830/1475 1436/1826/1473 1435/1825/1472
f 1434/1824/1471 1433/1823/1470 1438/1830/1475 1437/1829/1474
f 1439/1831/1476 1440/1832/1477 1441/1833/1478 1442/1834/1479
f 1443/1835/1480 1444/1836/1481 1440/1832/1477 1439/1831/1476
f 1445/1837/1482 1432/1838/1482 1444/1836/1481 1443/1835/1480
f 1442/1839/1479 1441/1840/1478 1432/1838/1482 1445/1837/1482
f 1446/1841/1483 1447/1842/1484 1441/1843/1478 1440/1844/1477
f 1444/1845/1481 1448/1846/1485 1446/1841/1483 1440/1844/1477
f 1449/1847/1486 1450/1848/1487 1447/1842/1484 1446/1841/1483
f 1448/1846/1485 1451/1849/1488 1449/1847/1486 1446/1841/1483
f 1444/1845/1481 1432/1827/1469 1436/1826/1473 1448/1846/1485
f 1441/1843/1478 1447/1842/1484 1433/1823/1470 1432/1822/1469
f 1450/1848/1487 1438/1830/1475 1433/1823/1470 1447/1842/1484
f 1451/1849/1488 1448/1846/1485 1436/1826/1473 1438/1830/1475
f 1450/1848/1487 1449/1847/1486 1451/1849/1488 1438/1830/1475
f 1452/1850/1489 1453/1851/1490 1454/1852/1491 1455/1853/954
f 1453/1854/1490 1456/1855/1492 1457/1856/1493 1454/1857/1491
f 1456/1855/1492 1458/1858/1494 1459/1859/778 1457/1856/1493
f 1458/1858/1494 1452/1850/1489 1455/1853/954 1459/1859/778
f 1456/1860/1492 1453/1861/1490 1452/1850/1489 1458/1858/1494
f 1460/1862/1495 1461/1863/1496 1462/1864/1497 1463/1865/1498
f 1464/1866/1499 1460/1867/1495 1463/1868/1498 1465/1869/1500
f 1466/1870/1474 1464/1866/1499 1465/1869/1500 1467/1871/1475
f 1461/1863/1496 1466/1870/1474 1467/1871/1475 1462/1864/1497
f 1468/1872/1476 1469/1873/1501 1470/1874/1502 1471/1875/1477
f 1472/1876/1503 1468/1872/1476 1471/1875/1477 1473/1877/1504
f 1474/1878/1482 1472/1876/1503 1473/1877/1504 1463/1879/1482
f 1469/1880/1501 1474/1878/1482 1463/1879/1482 1470/1881/1502
f 1475/1882/1483 1471/1883/1477 1470/1884/1502 1476/1885/1485
f 1473/1886/1504 1471/1883/1477 1475/1882/1483 1477/1887/1484
f 1478/1888/1486 1475/1882/1483 1476/1885/1485 1479/1889/1488
f 1477/1887/1484 1475/1882/1483 1478/1888/1486 1480/1890/1487
f 1473/1886/1504 1477/1887/1484 1465/1869/1500 1463/1868/1498
f 1470/1884/1502 1463/1865/1498 1462/1864/1497 1476/1885/1485
f 1479/1889/1488 1476/1885/1485 1462/1864/1497 1467/1871/1475
f 1480/1890/1487 1467/1871/1475 1465/1869/1500 1477/1887/1484
f 1479/1889/1488 1467/1871/1475 1480/1890/1487 1478/1888/1486
f 1481/1891/1505 1482/1892/954 1483/1893/1491 1484/1894/1506
f 1484/1895/1506 1483/1896/1491 1485/1897/1493 1486/1898/1507
f 1486/1898/1507 1485/1897/1493 1487/1899/778 1488/1900/1508
f 1488/1900/1508 1487/1899/778 1482/1892/954 1481/1891/1505
f 1486/1898/1507 1488/1900/1508 1481/1901/1505 1484/1902/1506
f 1489/1903/1509 1490/1904/1510 1491/1905/1511 1492/1906/1512
f 1493/1907/1513 1494/1908/1514 1490/1904/1510 1489/1903/1509
f 1495/1909/1515 1496/1910/1515 1494/1908/1514 1493/1907/1513
f 1492/1906/1512 1491/1905/1511 1496/1911/1515 1495/1912/1515
f 1497/1913/1516 1498/1914/1516 1499/1915/1511 1500/1916/1512
f 1501/1917/1513 1502/1918/1514 1498/1914/1516 1497/1913/1516
f 1503/1919/1515 1504/1920/1515 1502/1918/1514 1501/1917/1513
f 1500/1916/1512 1499/1915/1511 1504/1921/1515 1503/1922/1515
f 1505/1923/1517 1506/1924/1518 1507/1925/1511 1508/1926/1512
f 1509/1927/1513 1510/1928/1514 1506/1924/1518 1505/1923/1517
f 1511/1929/1515 1512/1930/1515 1510/1928/1514 1509/1927/1513
f 1508/1926/1512 1507/1925/1511 1512/1931/1515 1511/1932/1515
f 1513/1933/1519 1514/1934/1520 1515/1935/1521 1516/1936/1522
f 1514/1934/1520 1513/1933/1519 1517/1937/1523 1518/1938/1524
f 1518/1938/1524 1517/1937/1523 1519/1939/1525 1520/1940/1526
f 1513/1933/1519 1516/1936/1522 1521/1941/1527 1522/1942/1528
f 1516/1936/1522 1515/1935/1521 1523/1943/1529 1521/1944/1527
f 1515/1935/1521 1514/1934/1520 1524/1945/1530 1523/1946/1529
f 1517/1937/1523 1513/1933/1519 1522/1942/1528 1525/1947/1531
f 1514/1934/1520 1518/1938/1524 1526/1948/1532 1524/1945/1530
f 1519/1939/1525 1517/1937/1523 1525/1947/1531 1527/1949/1533
f 1518/1938/1524 1520/1940/1526 1528/1950/1534 1526/1948/1532
f 1520/1940/1526 1519/1939/1525 1527/1951/1533 1528/1952/1534
f 1529/1953/1535 1530/1954/1536 1531/1955/1537 1532/1956/1538
f 1529/1953/1535 1532/1956/1538 1533/1957/1539 1534/1958/1540
f 1532/1956/1538 1531/1955/1537 1535/1959/1541 1533/1957/1539
f 1531/1955/1537 1530/1954/1536 1536/1960/1542 1535/1961/1541
f 1530/1954/1536 1529/1953/1535 1534/1962/1540 1536/1963/1542
f 1537/1964/1543 1538/1965/1544 1539/1966/1545 1540/1967/1546
f 1538/1965/1544 1541/1968/1547 1542/1969/1548 1539/1966/1545
f 1543/1970/1549 1544/1971/1550 1545/1972/1551 1546/1973/1552
f 1547/1974/1553 1548/1975/1554 1545/1972/1551 1544/1971/1550
f 1549/1976/1555 1550/1977/1556 1551/1978/1557 1552/1979/1558
f 1550/1977/1556 1553/1980/1559 1554/1981/1560 1551/1978/1557
f 1553/1980/1559 1555/1982/1561 1556/1983/1562 1554/1981/1560
f 1557/1984/1563 1558/1985/1564 1556/1983/1562 1555/1982/1561
f 1554/1981/1560 1559/1986/1565 1560/1987/1566 1551/1978/1557
f 1559/1986/1565 1558/1985/1564 1561/1988/1567 1562/1989/1568
f 1545/1972/1551 1548/1975/1554 1560/1987/1566 1546/1973/1552
f 1538/1965/1544 1537/1964/1543 1563/1990/1569 1564/1991/1570
f 1541/1968/1547 1538/1965/1544 1564/1991/1570 1565/1992/1571
f 1544/1971/1550 1543/1970/1549 1566/1993/1572 1567/1994/1573
f 1547/1974/1553 1568/1995/1574 1569/1996/1575 1549/1997/1555
f 1550/1977/1556 1549/1976/1555 1569/1998/1575 1570/1999/1576
f 1553/1980/1559 1550/1977/1556 1570/1999/1576 1571/2000/1577
f 1555/1982/1561 1553/1980/1559 1571/2000/1577 1572/2001/1578
f 1573/2002/1579 1574/2003/1580 1563/1990/1569 1537/1964/1543
f 1547/1974/1553 1549/1997/1555 1552/1979/1558 1548/1975/1554
f 1573/2002/1579 1537/1964/1543 1540/1967/1546 1575/2004/1581
f 1562/1989/1568 1546/1973/1552 1560/1987/1566 1559/1986/1565
f 1559/1986/1565 1554/1981/1560 1556/1983/1562 1558/1985/1564
f 1552/1979/1558 1551/1978/1557 1560/1987/1566 1548/1975/1554
f 1547/1974/1553 1544/1971/1550 1567/1994/1573 1568/1995/1574
f 1557/1984/1563 1555/1982/1561 1572/2001/1578 1576/2005/1582
f 1562/1989/1568 1561/1988/1567 1540/1967/1546 1539/1966/1545
f 1561/1988/1567 1558/1985/1564 1575/2004/1581 1540/1967/1546
f 1558/1985/1564 1557/1984/1563 1573/2006/1579 1575/2004/1581
f 1557/1984/1563 1576/2005/1582 1574/2007/1580 1573/2006/1579
f 1566/1993/1572 1543/1970/1549 1541/2008/1547 1565/2009/1571
f 1543/1970/1549 1546/1973/1552 1542/1969/1548 1541/2008/1547
f 1546/1973/1552 1562/1989/1568 1539/1966/1545 1542/1969/1548
f 1577/2010/1205 1578/2011/1583 1579/2012/1584 1580/2013/1585
f 1578/2014/1583 1581/2015/1586 1582/2016/1587 1579/2012/1584
f 1581/2015/1586 1583/2017/1219 1584/2018/1588 1582/2016/1587
f 1583/2019/1219 1585/2020/1589 1586/2021/1590 1584/2018/1588
f 1585/2022/1589 1587/2023/1591 1588/2024/1592 1586/2021/1590
f 1587/2023/1591 1577/2025/1205 1580/2013/1585 1588/2024/1592
f 1584/2018/1588 1586/2021/1590 1588/2024/1592 1580/2013/1585 1579/2012/1584 1582/2016/1587
f 1589/2026/1205 1590/2027/1583 1591/2028/1584 1592/2029/1585
f 1590/2030/1583 1593/2031/1593 1594/2032/1587 1591/2028/1584
f 1593/2033/1593 1595/2034/1219 1596/2035/1588 1594/2032/1587
f 1595/2036/1219 1597/2037/1589 1598/2038/1590 1596/2035/1588
f 1597/2039/1589 1599/2040/1594 1600/2041/1592 1598/2038/1590
f 1599/2042/1594 1589/2043/1205 1592/2029/1585 1600/2041/1592
f 1596/2035/1588 1598/2038/1590 1600/2041/1592 1592/2029/1585 1591/2028/1584 1594/2032/1587
f 1601/2044/1595 1602/2045/1596 1603/2046/1597 1604/2047/1598
f 1602/2045/1596 1605/2048/1599 1606/2049/1600 1603/2046/1597
f 1605/2048/1599 1607/2050/1601 1608/2051/1602 1606/2049/1600
f 1607/2050/1601 1609/2052/1603 1610/2053/1604 1608/2051/1602
f 1609/2054/1603 1611/2055/1605 1612/2056/1606 1610/2057/1604
f 1611/2055/1605 1601/2044/1595 1604/2047/1598 1612/2056/1606
f 1608/2058/1602 1610/2059/1604 1612/2060/1606 1604/2061/1598 1603/2062/1597 1606/2063/1600
f 1613/2064/1607 1614/2065/1608 1615/2066/1609 1616/2067/1610
f 1614/2068/1608 1617/2069/1611 1618/2070/1612 1615/2066/1609
f 1617/2069/1611 1619/2071/1613 1620/2072/1614 1618/2070/1612
f 1619/2073/1613 1621/2074/1615 1622/2075/1616 1620/2072/1614
f 1620/2072/1614 1622/2075/1616 1623/2076/1617 1618/2070/1612
f 1623/2076/1617 1616/2067/1610 1615/2066/1609 1618/2070/1612
f 1624/2077/1618 1625/2078/1619 1626/2079/1620 1627/2080/1621
f 1625/2078/1619 1628/2081/1622 1629/2082/1623 1626/2079/1620
f 1628/2081/1622 1630/2083/1624 1631/2084/1625 1629/2082/1623
f 1630/2085/1624 1632/2086/1626 1633/2087/1627 1631/2088/1625
f 1632/2086/1626 1634/2089/1628 1635/2090/1629 1633/2087/1627
f 1634/2089/1628 1624/2077/1618 1627/2080/1621 1635/2090/1629
f 1631/2091/1625 1633/2092/1627 1635/2093/1629 1627/2094/1621 1626/2095/1620 1629/2096/1623
f 1636/2097/1630 1637/2098/1631 1638/2099/1632 1639/2100/1633
f 1639/2100/1633 1638/2099/1632 1640/2101/1634 1641/2102/1635
f 1638/2099/1632 1637/2098/1631 1642/2103/1636 1640/2104/1634
f 1637/2098/1631 1636/2097/1630 1643/2105/1637 1642/2106/1636
f 1644/2107/1638 1645/2108/1639 1646/2109/1640 1647/2110/1641
f 1645/2108/1639 1648/2111/1642 1649/2112/1643 1646/2109/1640
f 1648/2111/1642 1650/2113/1644 1651/2114/1645 1649/2112/1643
f 1650/2115/1644 1644/2107/1638 1647/2110/1641 1651/2116/1645
f 1647/2110/1641 1646/2109/1640 1652/2117/1646 1653/2118/1647
f 1646/2109/1640 1649/2112/1643 1654/2119/1648 1652/2117/1646
f 1649/2112/1643 1651/2114/1645 1655/2120/1649 1654/2119/1648
f 1651/2116/1645 1647/2110/1641 1653/2118/1647 1655/2121/1649
f 1653/2118/1647 1652/2117/1646 1656/2122/1650 1657/2123/1651
f 1652/2117/1646 1654/2119/1648 1658/2124/1652 1656/2122/1650
f 1654/2119/1648 1655/2120/1649 1659/2125/1653 1658/2124/1652
f 1655/2121/1649 1653/2118/1647 1657/2123/1651 1659/2126/1653
f 1657/2123/1651 1656/2122/1650 1660/2127/1654 1661/2128/1655
f 1656/2122/1650 1658/2124/1652 1662/2129/1656 1660/2127/1654
f 1658/2124/1652 1659/2125/1653 1663/2130/1657 1662/2129/1656
f 1659/2126/1653 1657/2123/1651 1661/2128/1655 1663/2131/1657
f 1661/2128/1655 1660/2127/1654 1664/2132/1658 1665/2133/1659
f 1660/2127/1654 1662/2129/1656 1666/2134/1660 1664/2132/1658
f 1662/2129/1656 1663/2130/1657 1667/2135/1661 1666/2134/1660
f 1663/2131/1657 1661/2128/1655 1665/2133/1659 1667/2136/1661
f 1621/2074/1615 1668/2137/1662 1669/2138/1663 1622/2075/1616
f 1668/2139/1662 1670/2140/1664 1671/2141/1665 1669/2138/1663
f 1670/2140/1664 1672/2142/1666 1673/2143/1667 1671/2141/1665
f 1672/2144/1666 1613/2064/1607 1616/2067/1610 1673/2143/1667
f 1673/2143/1667 1616/2067/1610 1623/2076/1617 1671/2141/1665
f 1623/2076/1617 1622/2075/1616 1669/2138/1663 1671/2141/1665
f 1634/2145/1628 1632/2146/1626 1630/2147/1624 1628/2148/1622
f 1628/2148/1622 1625/2094/1619 1624/2149/1618 1634/2145/1628
f 1674/2150/1668 1675/2151/1669 1676/2152/1670 1677/2153/1671
f 1678/2154/1672 1679/2155/1673 1675/2151/1669 1674/2150/1668
f 1680/2156/1674 1681/2157/1675 1682/2158/1676 1683/2159/1677
f 1680/2156/1674 1677/2153/1671 1676/2152/1670 1681/2157/1675
f 1674/2160/1668 1677/2161/1671 1684/2162/1678 1685/2163/1679
f 1678/2164/1672 1674/2160/1668 1685/2163/1679 1686/2165/1680
f 1680/2166/1674 1683/2167/1677 1687/2168/1681 1688/2169/1682
f 1680/2170/1674 1688/2171/1682 1684/2162/1678 1677/2161/1671
f 1676/2172/1670 1675/2173/1669 1689/2174/1683 1690/2175/1684
f 1675/2173/1669 1679/2176/1673 1691/2177/1685 1689/2174/1683
f 1682/2178/1676 1681/2179/1675 1692/2180/1686 1693/2181/1687
f 1681/2179/1675 1676/2172/1670 1690/2175/1684 1692/2180/1686
f 1690/2175/1688 1689/2174/1689 1694/2182/1690 1695/2183/1691
f 1691/2177/1692 1696/2184/1693 1694/2182/1690 1689/2174/1689
f 1692/2180/1694 1690/2175/1688 1695/2183/1691 1697/2185/1695
f 1697/2185/1695 1695/2183/1691 1698/2186/1696
f 1698/2186/1696 1695/2183/1691 1694/2182/1690
f 1697/2185/1695 1698/2186/1696 1699/2187/1697 1700/2188/1698
f 1694/2182/1690 1696/2184/1693 1699/2187/1697 1698/2186/1696
f 1693/2181/1699 1692/2180/1694 1697/2185/1695 1700/2188/1698
f 1684/2162/1678 1701/2189/1700 1702/2190/1701 1685/2163/1679
f 1685/2163/1679 1702/2190/1701 1703/2191/1702 1686/2165/1680
f 1701/2189/1700 1704/2192/1703 1705/2193/1704 1702/2190/1701
f 1702/2190/1701 1705/2193/1704 1706/2194/1705 1703/2191/1702
f 1688/2171/1682 1707/2195/1706 1708/2196/1707 1684/2162/1678
f 1684/2162/1678 1708/2196/1707 1709/2197/1708 1701/2189/1700
f 1701/2189/1700 1709/2197/1708 1710/2198/1709 1704/2192/1703
f 1708/2196/1707 1707/2195/1706 1711/2199/1710 1712/2200/1711
f 1709/2197/1708 1708/2196/1707 1712/2200/1711 1713/2201/1712
f 1710/2198/1709 1709/2197/1708 1713/2201/1712 1714/2202/1713
f 1687/2168/1681 1715/2203/1714 1707/2204/1706 1688/2169/1682
f 1707/2205/1706 1715/2206/1714 1716/2207/1715 1711/2208/1710
f 1716/2207/1715 1715/2206/1714 1717/2209/1716 1718/2210/1717
f 1704/2192/1703 1719/2211/1718 1720/2212/1719 1705/2193/1704
f 1706/2194/1705 1705/2193/1704 1720/2212/1719 1721/2213/1720
f 1710/2198/1709 1722/2214/1721 1719/2211/1718 1704/2192/1703
f 1723/2215/1722 1724/2216/1723 1725/2217/1724 1714/2202/1713
f 1726/2218/1725 1719/2219/1718 1722/2220/1721 1717/2209/1716
f 1722/2220/1721 1725/2221/1724 1718/2210/1717 1717/2209/1716
f 1727/2222/1726 1712/2200/1711 1711/2199/1710 1728/2223/1727
f 1713/2201/1712 1712/2200/1711 1727/2222/1726 1729/2224/1728
f 1723/2215/1722 1714/2202/1713 1713/2201/1712 1729/2224/1728
f 1711/2208/1710 1716/2207/1715 1730/2225/1729 1728/2226/1727
f 1730/2225/1729 1716/2207/1715 1718/2210/1717 1731/2227/1730
f 1714/2202/1713 1725/2217/1724 1722/2214/1721 1710/2198/1709
f 1731/2227/1730 1718/2210/1717 1725/2221/1724 1724/2228/1723
f 1730/2225/1729 1731/2227/1730 1732/2229/1731 1728/2226/1727
f 1732/2230/1731 1729/2224/1728 1727/2222/1726 1728/2223/1727
f 1733/2231/1732 1734/2232/1733 1735/2233/1734 1736/2234/1735
f 1736/2235/1735 1735/2236/1734 1737/2237/1736 1738/2238/1737
f 1739/2239/1738 1740/2240/1739 1734/2232/1733 1733/2231/1732
f 1734/2232/1733 1720/2212/1719 1719/2211/1718 1735/2233/1734
f 1735/2236/1734 1719/2241/1718 1726/2242/1725 1737/2237/1736
f 1740/2240/1739 1721/2213/1720 1720/2212/1719 1734/2232/1733
f 1715/2203/1714 1737/2237/1736 1726/2242/1725 1717/2243/1716
f 1737/2237/1736 1715/2203/1714 1687/2168/1681 1738/2238/1737
f 1741/2244/1740 1742/2245/1741 1743/2246/1742 1744/2247/1743
f 1678/2154/1672 1741/2244/1740 1744/2247/1743 1679/2155/1673
f 1745/2248/1744 1683/2249/1677 1682/2250/1676 1746/2251/1745
f 1745/2248/1744 1746/2251/1745 1743/2246/1742 1742/2245/1741
f 1741/2252/1740 1747/2253/1746 1748/2254/1747 1742/2255/1741
f 1678/2164/1672 1686/2165/1680 1747/2253/1746 1741/2252/1740
f 1745/2256/1744 1749/2257/1748 1687/2168/1681 1683/2167/1677
f 1745/2258/1744 1742/2255/1741 1748/2254/1747 1749/2259/1748
f 1743/2260/1742 1750/2261/1749 1751/2262/1750 1744/2263/1743
f 1744/2263/1743 1751/2262/1750 1691/2177/1685 1679/2176/1673
f 1682/2178/1676 1693/2181/1687 1752/2264/1751 1746/2265/1745
f 1746/2265/1745 1752/2264/1751 1750/2261/1749 1743/2260/1742
f 1750/2261/1752 1753/2266/1753 1754/2267/1754 1751/2262/1755
f 1691/2177/1692 1751/2262/1755 1754/2267/1754 1696/2184/1693
f 1752/2264/1756 1755/2268/1757 1753/2266/1753 1750/2261/1752
f 1755/2268/1757 1756/2269/1758 1753/2266/1753
f 1756/2269/1758 1754/2267/1754 1753/2266/1753
f 1755/2268/1757 1700/2188/1698 1699/2187/1697 1756/2269/1758
f 1754/2267/1754 1756/2269/1758 1699/2187/1697 1696/2184/1693
f 1693/2181/1699 1700/2188/1698 1755/2268/1757 1752/2264/1756
f 1748/2254/1747 1747/2253/1746 1757/2270/1759 1758/2271/1760
f 1747/2253/1746 1686/2165/1680 1703/2191/1702 1757/2270/1759
f 1758/2271/1760 1757/2270/1759 1759/2272/1761 1760/2273/1762
f 1757/2270/1759 1703/2191/1702 1706/2194/1705 1759/2272/1761
f 1749/2259/1748 1748/2254/1747 1761/2274/1763 1762/2275/1764
f 1748/2254/1747 1758/2271/1760 1763/2276/1765 1761/2274/1763
f 1758/2271/1760 1760/2273/1762 1764/2277/1766 1763/2276/1765
f 1761/2274/1763 1765/2278/1767 1766/2279/1768 1762/2275/1764
f 1763/2276/1765 1767/2280/1769 1765/2278/1767 1761/2274/1763
f 1764/2277/1766 1768/2281/1770 1767/2280/1769 1763/2276/1765
f 1687/2168/1681 1749/2257/1748 1762/2282/1764 1769/2283/1771
f 1762/2284/1764 1766/2285/1768 1770/2286/1772 1769/2287/1771
f 1770/2286/1772 1771/2288/1773 1772/2289/1774 1769/2287/1771
f 1760/2273/1762 1759/2272/1761 1773/2290/1775 1774/2291/1776
f 1706/2194/1705 1721/2213/1720 1773/2290/1775 1759/2272/1761
f 1764/2277/1766 1760/2273/1762 1774/2291/1776 1775/2292/1777
f 1776/2293/1778 1768/2281/1770 1777/2294/1779 1778/2295/1780
f 1779/2296/1781 1772/2289/1774 1775/2297/1777 1774/2298/1776
f 1775/2297/1777 1772/2289/1774 1771/2288/1773 1777/2299/1779
f 1780/2300/1782 1781/2301/1783 1766/2279/1768 1765/2278/1767
f 1767/2280/1769 1782/2302/1784 1780/2300/1782 1765/2278/1767
f 1776/2293/1778 1782/2302/1784 1767/2280/1769 1768/2281/1770
f 1766/2285/1768 1781/2303/1783 1783/2304/1785 1770/2286/1772
f 1783/2304/1785 1784/2305/1786 1771/2288/1773 1770/2286/1772
f 1768/2281/1770 1764/2277/1766 1775/2292/1777 1777/2294/1779
f 1784/2305/1786 1778/2306/1780 1777/2299/1779 1771/2288/1773
f 1783/2304/1785 1781/2303/1783 1785/2307/1787 1784/2305/1786
f 1785/2308/1787 1781/2301/1783 1780/2300/1782 1782/2302/1784
f 1786/2309/1788 1787/2310/1789 1788/2311/1790 1789/2312/1791
f 1787/2313/1789 1790/2314/1792 1791/2315/1793 1788/2316/1790
f 1739/2239/1738 1786/2309/1788 1789/2312/1791 1740/2240/1739
f 1789/2312/1791 1788/2311/1790 1774/2291/1776 1773/2290/1775
f 1788/2316/1790 1791/2315/1793 1779/2317/1781 1774/2318/1776
f 1740/2240/1739 1789/2312/1791 1773/2290/1775 1721/2213/1720
f 1769/2283/1771 1772/2319/1774 1779/2317/1781 1791/2315/1793
f 1791/2315/1793 1790/2314/1792 1687/2168/1681 1769/2283/1771
f 1792/2320/1794 1738/2238/1737 1687/2168/1681 1790/2314/1792
f 1793/2321/1795 1794/2322/1796 1795/2323/1797 1796/2324/1798
f 1794/2322/1796 1797/2325/1799 1798/2326/1800 1795/2323/1797
f 1797/2325/1799 1799/2327/1801 1800/2328/1802 1798/2326/1800
f 1799/2327/1801 1801/2329/1803 1802/2330/1804 1800/2328/1802
f 1801/2329/1803 1803/2331/1805 1804/2332/1806 1802/2330/1804
f 1803/2331/1805 1805/2333/1807 1806/2334/1808 1804/2332/1806
f 1805/2333/1807 1807/2335/1809 1808/2336/1810 1806/2334/1808
f 1807/2335/1809 1793/2321/1795 1796/2324/1798 1808/2336/1810
f 1799/2337/1811 1797/2338/1812 1809/2339/1813 1801/2340/1814
f 1809/2339/1813 1797/2338/1812 1794/2341/1815 1793/2342/1816
f 1803/2343/1817 1801/2340/1814 1809/2339/1813 1805/2344/1812
f 1809/2339/1813 1793/2342/1816 1807/2345/1818 1805/2344/1812
f 1810/2346/1819 1811/2347/1820 1812/2348/1821 1813/2349/1822
f 1812/2348/1821 1811/2347/1820 1814/2350/1823 1815/2351/1824
f 1816/2352/1825 1813/2349/1822 1812/2348/1821 1817/2353/1826
f 1812/2348/1821 1815/2351/1824 1818/2354/1827 1817/2353/1826
f 1795/2323/1797 1798/2326/1800 1815/2351/1824 1814/2350/1823
f 1798/2326/1800 1800/2328/1802 1818/2354/1827 1815/2351/1824
f 1800/2328/1802 1802/2330/1804 1817/2353/1826 1818/2354/1827
f 1802/2330/1804 1804/2332/1806 1816/2352/1825 1817/2353/1826
f 1804/2332/1806 1806/2334/1808 1813/2349/1822 1816/2352/1825
f 1806/2334/1808 1808/2336/1810 1810/2346/1819 1813/2349/1822
f 1808/2336/1810 1796/2324/1798 1811/2347/1820 1810/2346/1819
f 1796/2324/1798 1795/2323/1797 1814/2350/1823 1811/2347/1820
f 1819/2355/1828 1820/2356/1829 1821/2357/1830 1822/2358/1831
f 1820/2356/1829 1823/2359/1832 1824/2360/1833 1821/2357/1830
f 1823/2359/1832 1825/2361/1834 1826/2362/1835 1824/2360/1833
f 1825/2363/1834 1819/2355/1828 1822/2358/1831 1826/2364/1835
f 1827/2365/1836 1828/2366/1837 1829/2367/1838 1830/2368/1839
f 1828/2366/1837 1831/2369/1840 1832/2370/1841 1829/2367/1838
f 1831/2371/1840 1833/2372/1842 1834/2373/1843 1832/2374/1841
f 1833/2372/1842 1827/2365/1836 1830/2368/1839 1834/2373/1843
f 1830/2368/1839 1821/2357/1830 1824/2360/1833 1834/2373/1843
f 1832/2374/1841 1834/2373/1843 1824/2360/1833 1826/2362/1835
f 1829/2367/1838 1832/2370/1841 1826/2364/1835 1822/2358/1831
f 1830/2368/1839 1829/2367/1838 1822/2358/1831 1821/2357/1830
f 1835/2375/1844 1836/2376/1845 1837/2377/1846 1838/2378/1847
f 1835/2375/1844 1838/2378/1847 1839/2379/1848 1840/2380/1849
f 1837/2377/1846 1836/2376/1845 1841/2381/1850 1842/2382/1851
f 1836/2376/1845 1835/2375/1844 1840/2383/1849 1841/2384/1850
f 1843/2385/1852 1844/2386/1853 1845/2387/1854 1846/2388/1855
f 1844/2386/1853 1847/2389/1856 1848/2390/1857 1845/2387/1854
f 1847/2389/1856 1849/2391/1858 1850/2392/1859 1848/2390/1857
f 1849/2391/1858 1851/2393/1860 1852/2394/1861 1850/2392/1859
f 1851/2393/1860 1853/2395/1862 1854/2396/1863 1852/2394/1861
f 1853/2395/1862 1843/2397/1852 1846/2398/1855 1854/2396/1863
f 1845/2399/1854 1848/2400/1857 1850/2401/1859 1846/2402/1855
f 1844/2386/1853 1843/2385/1852 1855/2403/1864 1856/2404/1865
f 1847/2389/1856 1844/2386/1853 1856/2404/1865 1857/2405/1866
f 1849/2391/1858 1847/2389/1856 1857/2405/1866 1858/2406/1867
f 1851/2393/1860 1849/2391/1858 1858/2406/1867 1859/2407/1868
f 1853/2395/1862 1851/2393/1860 1859/2407/1868 1860/2408/1869
f 1843/2397/1852 1853/2395/1862 1860/2408/1869 1855/2409/1864
f 1856/2410/1865 1855/2411/1864 1861/2412/1870 1862/2413/1871
f 1857/2414/1866 1856/2410/1865 1862/2413/1871 1863/2415/1872
f 1858/2416/1867 1857/2414/1866 1863/2415/1872 1864/2417/1873
f 1859/2418/1868 1858/2416/1867 1864/2417/1873 1865/2419/1874
f 1860/2420/1869 1859/2418/1868 1865/2419/1874 1866/2421/1875
f 1855/2422/1864 1860/2420/1869 1866/2421/1875 1861/2423/1870
f 1852/2424/1861 1854/2425/1863 1846/2402/1855 1850/2401/1859
f 1862/2413/1871 1861/2412/1870 1867/2426/1876 1868/2427/1876
f 1863/2415/1872 1862/2413/1871 1868/2427/1876 1869/2428/1876
f 1864/2417/1873 1863/2415/1872 1869/2428/1876 1870/2429/1876
f 1865/2419/1874 1864/2417/1873 1870/2429/1876 1871/2430/1876
f 1866/2421/1875 1865/2419/1874 1871/2430/1876 1872/2431/1876
f 1861/2423/1870 1866/2421/1875 1872/2431/1876 1867/2432/1876
f 1873/2433/1877 1874/2434/1878 1875/2435/1879 1876/2436/1880
f 1877/2437/1881 1878/2438/1882 1879/2439/1883 1880/2440/1884
f 1875/2441/1879 1877/2437/1881 1880/2440/1884 1876/2442/1880
f 1881/2443/1885 1882/2444/1886 1883/2445/1887 1884/2446/1888
f 1884/2446/1888 1885/2447/1889 1886/2448/1890 1881/2443/1885
f 1887/2449/1891 1883/2445/1887 1882/2444/1886 1888/2450/1892
f 1885/2451/1889 1887/2449/1891 1888/2450/1892 1886/2452/1890
f 1874/2434/1878 1878/2438/1882 1882/2444/1886 1881/2443/1885
f 1881/2443/1885 1886/2448/1890 1875/2435/1879 1874/2434/1878
f 1877/2437/1881 1888/2450/1892 1882/2444/1886 1878/2438/1882
f 1886/2452/1890 1888/2450/1892 1877/2437/1881 1875/2441/1879
f 1873/2433/1877 1879/2439/1883 1878/2438/1882 1874/2434/1878
f 1873/2433/1877 1876/2436/1880 1889/2453/1893 1890/2454/1894
f 1880/2440/1884 1879/2439/1883 1891/2455/1895 1892/2456/1896
f 1876/2442/1880 1880/2440/1884 1892/2456/1896 1889/2457/1893
f 1879/2439/1883 1873/2433/1877 1890/2454/1894 1891/2455/1895
f 1889/2453/1893 1893/2458/1897 1894/2459/1898 1890/2454/1894
f 1892/2456/1896 1891/2455/1895 1895/2460/1899 1896/2461/1900
f 1889/2457/1893 1892/2456/1896 1896/2461/1900 1893/2462/1897
f 1890/2454/1894 1894/2459/1898 1895/2460/1899 1891/2455/1895
f 1893/2458/1897 1897/2463/1901 1898/2464/1902 1894/2459/1898
f 1899/2465/1903 1900/2466/1904 1896/2461/1900 1895/2460/1899
f 1900/2466/1904 1897/2467/1901 1893/2462/1897 1896/2461/1900
f 1894/2459/1898 1898/2464/1902 1899/2465/1903 1895/2460/1899
f 1901/2468/1905 1902/2469/1906 1903/2470/1907 1904/2471/1908
f 1904/2471/1908 1903/2470/1907 1905/2472/1909 1906/2473/1910
f 1906/2473/1910 1905/2472/1909 1907/2474/1911 1908/2475/1912
f 1908/2475/1912 1907/2474/1911 1909/2476/1913 1910/2477/1914
f 1910/2477/1914 1909/2476/1913 1911/2478/1915 1912/2479/1916
f 1912/2479/1916 1911/2478/1915 1913/2480/1917 1914/2481/1918
f 1914/2481/1918 1913/2480/1917 1915/2482/1919 1916/2483/1920
f 1916/2483/1920 1915/2482/1919 1902/2469/1906 1901/2468/1905
f 1908/2484/1921 1910/2485/1922 1917/2486/1923 1906/2487/1923
f 1917/2486/1923 1901/2488/1924 1904/2489/1925 1906/2487/1923
f 1912/2490/1926 1914/2491/1923 1917/2486/1923 1910/2485/1922
f 1917/2486/1923 1914/2491/1923 1916/2492/1927 1901/2488/1924
f 1918/2493/1928 1919/2494/1929 1920/2495/1930 1921/2496/1931
f 1920/2495/1930 1922/2497/1932 1923/2498/1933 1921/2496/1931
f 1924/2499/1934 1925/2500/1935 1920/2495/1930 1919/2494/1929
f 1920/2495/1930 1925/2500/1935 1926/2501/1936 1922/2497/1932
f 1903/2470/1907 1923/2498/1933 1922/2497/1932 1905/2472/1909
f 1905/2472/1909 1922/2497/1932 1926/2501/1936 1907/2474/1911
f 1907/2474/1911 1926/2501/1936 1925/2500/1935 1909/2476/1913
f 1909/2476/1913 1925/2500/1935 1924/2499/1934 1911/2478/1915
f 1911/2478/1915 1924/2499/1934 1919/2494/1929 1913/2480/1917
f 1913/2480/1917 1919/2494/1929 1918/2493/1928 1915/2482/1919
f 1915/2482/1919 1918/2493/1928 1921/2496/1931 1902/2469/1906
f 1902/2469/1906 1921/2496/1931 1923/2498/1933 1903/2470/1907
f 1927/2502/1937 1928/2503/1938 1929/2504/1939 1930/2505/1940
f 1930/2505/1940 1929/2504/1939 1931/2506/1941 1932/2507/1942
f 1932/2507/1942 1931/2506/1941 1933/2508/1943 1934/2509/1944
f 1934/2510/1944 1933/2511/1943 1928/2503/1938 1927/2502/1937
f 1935/2512/1945 1936/2513/1946 1937/2514/1947 1938/2515/1948
f 1938/2515/1948 1937/2514/1947 1939/2516/1949 1940/2517/1950
f 1940/2518/1950 1939/2519/1949 1941/2520/1951 1942/2521/1952
f 1942/2521/1952 1941/2520/1951 1936/2513/1946 1935/2512/1945
f 1936/2513/1946 1941/2520/1951 1931/2506/1941 1929/2504/1939
f 1939/2519/1949 1933/2508/1943 1931/2506/1941 1941/2520/1951
f 1937/2514/1947 1928/2503/1938 1933/2511/1943 1939/2516/1949
f 1936/2513/1946 1929/2504/1939 1928/2503/1938 1937/2514/1947
f 1943/2522/1845 1944/2523/1953 1945/2524/1954 1946/2525/1955
f 1943/2522/1845 1947/2526/1850 1948/2527/1851 1944/2523/1953
f 1945/2524/1954 1949/2528/1956 1950/2529/1957 1946/2525/1955
f 1946/2525/1955 1950/2530/1957 1947/2531/1850 1943/2522/1845
f 1951/2532/1958 1952/2533/1959 1953/2534/1960 1954/2535/1961
f 1954/2535/1961 1953/2534/1960 1955/2536/1962 1956/2537/1963
f 1956/2537/1963 1955/2536/1962 1957/2538/1964 1958/2539/1965
f 1958/2539/1965 1957/2538/1964 1959/2540/1966 1960/2541/1967
f 1960/2541/1967 1959/2540/1966 1961/2542/1968 1962/2543/1969
f 1962/2543/1969 1961/2542/1968 1952/2544/1959 1951/2545/1958
f 1953/2546/1960 1952/2547/1959 1957/2548/1964 1955/2549/1962
f 1954/2535/1961 1963/2550/1970 1964/2551/1971 1951/2532/1958
f 1956/2537/1963 1965/2552/1972 1963/2550/1970 1954/2535/1961
f 1958/2539/1965 1966/2553/1973 1965/2552/1972 1956/2537/1963
f 1960/2541/1967 1967/2554/1974 1966/2553/1973 1958/2539/1965
f 1962/2543/1969 1968/2555/1975 1967/2554/1974 1960/2541/1967
f 1951/2545/1958 1964/2556/1971 1968/2555/1975 1962/2543/1969
f 1963/2557/1970 1969/2558/1976 1970/2559/1977 1964/2560/1971
f 1965/2561/1972 1971/2562/1978 1969/2558/1976 1963/2557/1970
f 1966/2563/1973 1972/2564/1979 1971/2562/1978 1965/2561/1972
f 1967/2565/1974 1973/2566/1980 1972/2564/1979 1966/2563/1973
f 1968/2567/1975 1974/2568/1981 1973/2566/1980 1967/2565/1974
f 1964/2569/1971 1970/2570/1977 1974/2568/1981 1968/2567/1975
f 1959/2571/1966 1957/2548/1964 1952/2547/1959 1961/2572/1968
f 1969/2558/1976 1975/2573/1982 1976/2574/1983 1970/2559/1977
f 1971/2562/1978 1977/2575/1984 1975/2573/1982 1969/2558/1976
f 1972/2564/1979 1978/2576/1983 1977/2575/1984 1971/2562/1978
f 1973/2566/1980 1979/2577/1983 1978/2576/1983 1972/2564/1979
f 1974/2568/1981 1980/2578/1983 1979/2577/1983 1973/2566/1980
f 1970/2570/1977 1976/2579/1983 1980/2578/1983 1974/2568/1981
f 1981/2580/1985 1982/2581/1986 1983/2582/1987 1984/2583/1988
f 1985/2584/1989 1986/2585/1990 1987/2586/1991 1988/2587/1992
f 1983/2588/1987 1982/2589/1986 1986/2585/1990 1985/2584/1989
f 1989/2590/1993 1990/2591/1994 1991/2592/1995 1992/2593/1996
f 1990/2591/1994 1989/2590/1993 1993/2594/1997 1994/2595/1998
f 1995/2596/1999 1996/2597/2000 1992/2593/1996 1991/2592/1995
f 1994/2598/1998 1993/2599/1997 1996/2597/2000 1995/2596/1999
f 1984/2583/1988 1989/2590/1993 1992/2593/1996 1988/2587/1992
f 1989/2590/1993 1984/2583/1988 1983/2582/1987 1993/2594/1997
f 1985/2584/1989 1988/2587/1992 1992/2593/1996 1996/2597/2000
f 1993/2599/1997 1983/2588/1987 1985/2584/1989 1996/2597/2000
f 1981/2580/1985 1984/2583/1988 1988/2587/1992 1987/2586/1991
f 1981/2580/1985 1997/2600/2001 1998/2601/2002 1982/2581/1986
f 1986/2585/1990 1999/2602/2003 2000/2603/2004 1987/2586/1991
f 1982/2589/1986 1998/2604/2002 1999/2602/2003 1986/2585/1990
f 1987/2586/1991 2000/2603/2004 1997/2600/2001 1981/2580/1985
f 1998/2601/2002 1997/2600/2001 2001/2605/2005 2002/2606/2006
f 1999/2602/2003 2003/2607/2007 2004/2608/2008 2000/2603/2004
f 1998/2604/2002 2002/2609/2006 2003/2607/2007 1999/2602/2003
f 1997/2600/2001 2000/2603/2004 2004/2608/2008 2001/2605/2005
f 2002/2606/2006 2001/2605/2005 2005/2610/2009 2006/2611/2010
f 2007/2612/2011 2004/2608/2008 2003/2607/2007 2008/2613/2012
f 2008/2613/2012 2003/2607/2007 2002/2609/2006 2006/2614/2010
f 2001/2605/2005 2004/2608/2008 2007/2612/2011 2005/2610/2009
f 2009/2615/2013 2010/2616/2014 2011/2617/2015 2012/2618/2015
f 2012/2618/2015 2011/2617/2015 2013/2619/2016 2014/2620/2017
f 2014/2620/2017 2013/2619/2016 2015/2621/2018 2016/2622/2018
f 2016/2623/2018 2015/2624/2018 2010/2616/2014 2009/2615/2013
f 2017/2625/2019 2018/2626/2020 2019/2627/2020 2020/2628/2021
f 2018/2626/2020 2021/2629/2022 2022/2630/2023 2019/2627/2020
f 2021/2629/2022 2023/2631/2024 2024/2632/2024 2022/2630/2023
f 2023/2633/2024 2017/2625/2019 2020/2628/2021 2024/2634/2024
s 0
f 2016/2635/2025 2009/2636/2025 2012/2618/2025 2014/2620/2025
f 2021/2629/2026 2018/2626/2026 2017/2637/2026 2023/2638/2026
s 1
f 2025/2639/2027 2026/2640/2028 2027/2641/2029 2028/2642/2030
f 2029/2643/2031 2030/2644/2032 2031/2645/2033 2032/2646/2034
f 2033/2647/2035 2034/2648/2036 2035/2649/2037 2036/2650/2038
f 2037/2651/2039 2033/2652/2035 2036/2653/2038 2038/2654/2040
f 2039/2655/2041 2037/2651/2039 2038/2654/2040 2040/2656/2042
f 2034/2648/2036 2039/2655/2041 2040/2656/2042 2035/2649/2037
f 2029/2643/2031 2041/2657/2043 2042/2658/2044 2030/2644/2032
f 2025/2639/2027 2028/2642/2030 2036/2650/2038 2035/2649/2037
f 2032/2646/2034 2031/2645/2033 2043/2659/2045 2044/2660/2046
f 2026/2640/2028 2040/2656/2042 2038/2654/2040 2027/2641/2029
f 2029/2643/2031 2032/2646/2034 2044/2660/2046 2041/2657/2043
f 2026/2640/2028 2025/2639/2027 2035/2649/2037 2040/2656/2042
f 2031/2645/2033 2030/2644/2032 2045/2661/2047 2046/2662/2048
f 2030/2644/2032 2042/2663/2044 2047/2664/2049 2045/2661/2047
f 2042/2665/2044 2043/2659/2045 2048/2666/2050 2047/2667/2049
f 2043/2659/2045 2031/2645/2033 2046/2662/2048 2048/2666/2050
f 2028/2642/2030 2027/2641/2029 2049/2668/2051 2050/2669/2052
f 2027/2641/2029 2038/2654/2040 2051/2670/2053 2049/2668/2051
f 2038/2654/2040 2036/2653/2038 2052/2671/2054 2051/2670/2053
f 2036/2672/2038 2028/2642/2030 2050/2669/2052 2052/2673/2054
f 2042/2658/2044 2041/2657/2043 2034/2648/2036 2033/2647/2035
f 2043/2659/2045 2042/2665/2044 2033/2652/2035 2037/2651/2039
f 2044/2660/2046 2043/2659/2045 2037/2651/2039 2039/2655/2041
f 2041/2657/2043 2044/2660/2046 2039/2655/2041 2034/2648/2036
f 2053/2674/2055 2054/2675/2056 2055/2676/2057 2056/2677/2058
f 2057/2678/2059 2058/2679/2060 2054/2675/2056 2053/2674/2055
f 2059/2680/2061 2060/2681/2062 2058/2682/2060 2057/2683/2059
f 2056/2677/2058 2055/2676/2057 2060/2681/2062 2059/2680/2061
f 2061/2684/2063 2062/2685/2064 2055/2676/2057 2054/2675/2056
f 2063/2686/2065 2061/2684/2063 2054/2675/2056 2058/2679/2060
f 2064/2687/2066 2063/2688/2065 2058/2682/2060 2060/2681/2062
f 2062/2685/2064 2064/2687/2066 2060/2681/2062 2055/2676/2057
f 2065/2689/2067 2066/2690/2068 2067/2691/2069 2068/2692/2070
f 2066/2693/2068 2069/2694/2071 2070/2695/2072 2067/2691/2069
f 2069/2696/2071 2071/2697/2073 2072/2698/2074 2070/2695/2072
f 2071/2699/2073 2065/2700/2067 2068/2692/2070 2072/2698/2074
f 2069/2695/2071 2066/2698/2068 2065/2692/2067 2071/2691/2073
f 2067/2691/2069 2070/2695/2072 2072/2698/2074 2068/2692/2070
f 2073/2701/2075 2074/2702/2076 2075/2703/2077 2076/2704/2078
f 2077/2705/2079 2078/2706/2080 2074/2702/2076 2073/2701/2075
f 2079/2707/2081 2080/2708/2082 2078/2706/2080 2077/2705/2079
f 2081/2709/2083 2082/2710/2084 2080/2708/2082 2079/2707/2081
f 2083/2711/2085 2084/2712/2086 2082/2710/2084 2081/2709/2083
f 2076/2713/2078 2075/2714/2077 2084/2712/2086 2083/2711/2085
f 2085/2715/2087 2086/2716/2088 2075/2703/2077 2074/2702/2076
f 2087/2717/2089 2085/2715/2087 2074/2702/2076 2078/2706/2080
f 2088/2718/2090 2087/2717/2089 2078/2706/2080 2080/2708/2082
f 2089/2719/2091 2088/2718/2090 2080/2708/2082 2082/2710/2084
f 2090/2720/2092 2089/2719/2091 2082/2710/2084 2084/2712/2086
f 2086/2721/2088 2090/2720/2092 2084/2712/2086 2075/2714/2077
f 2091/2722/2093 2092/2723/2094 2086/2716/2088 2085/2715/2087
f 2093/2724/2095 2091/2722/2093 2085/2715/2087 2087/2717/2089
f 2094/2725/2096 2093/2724/2095 2087/2717/2089 2088/2718/2090
f 2095/2726/2097 2094/2725/2096 2088/2718/2090 2089/2719/2091
f 2096/2727/2098 2095/2726/2097 2089/2719/2091 2090/2720/2092
f 2092/2728/2094 2096/2727/2098 2090/2720/2092 2086/2721/2088
f 2097/2729/2099 2098/2730/2100 2099/2731/2101 2100/2732/2102
f 2098/2730/2100 2101/2733/2103 2102/2734/2104 2099/2731/2101
f 2101/2733/2103 2103/2735/2105 2104/2736/2106 2102/2734/2104
f 2105/2737/2107 2106/2738/2108 2107/2739/2109 2108/2740/2110
f 2106/2738/2108 2109/2741/2111 2110/2742/2112 2107/2739/2109
f 2109/2741/2111 2111/2743/2113 2112/2744/2114 2110/2742/2112
f 2113/2745/2115 2114/2746/2116 2115/2747/2117 2116/2748/2118
f 2114/2746/2116 2117/2749/2119 2118/2750/2120 2115/2747/2117
f 2117/2749/2119 2119/2751/2121 2120/2752/2122 2118/2750/2120
f 2121/2753/2123 2122/2754/2124 2123/2755/2125 2124/2756/2126
f 2122/2754/2124 2125/2757/2127 2126/2758/2128 2123/2755/2125
f 2127/2759/2129 2121/2753/2123 2124/2756/2126 2128/2760/2130
f 2129/2761/2131 2130/2762/2132 2131/2763/2133 2132/2764/2134
f 2130/2762/2132 2133/2765/2135 2134/2766/2136 2131/2763/2133
f 2133/2765/2135 2135/2767/2137 2136/2768/2138 2134/2766/2136
f 2137/2769/2139 2138/2770/2140 2139/2771/2141 2140/2772/2142
f 2138/2770/2140 2141/2773/2143 2142/2774/2144 2139/2771/2141
f 2143/2775/2145 2137/2769/2139 2140/2772/2142 2144/2776/2146
f 2145/2777/2147 2146/2778/2148 2147/2779/2149 2148/2780/2150
f 2146/2778/2148 2149/2781/2151 2150/2782/2152 2147/2779/2149
f 2151/2783/2153 2145/2777/2147 2148/2780/2150 2152/2784/2154
f 2153/2785/2155 2154/2786/2156 2155/2787/2157 2156/2788/2158
f 2154/2786/2156 2157/2789/2159 2158/2790/2160 2155/2787/2157
f 2159/2791/2161 2153/2785/2155 2156/2788/2158 2160/2792/2162
f 2161/2793/2163 2162/2794/2164 2163/2795/2165 2164/2796/2166
f 2162/2794/2164 2165/2797/2167 2166/2798/2168 2163/2795/2165
f 2167/2799/2169 2161/2793/2163 2164/2796/2166 2168/2800/2170
f 2169/2801/2171 2170/2802/2172 2171/2803/2173 2172/2804/2174
f 2170/2802/2172 2173/2805/2175 2174/2806/2176 2171/2803/2173
f 2173/2805/2175 2175/2807/2177 2176/2808/2178 2174/2806/2176
